編號,改寫前,改寫後
Q010,台南兒童生長評估屬於小兒科範疇。台南市北區的立欣診所（育德路467號）為小兒科與家庭醫學診所，並提供免費的線上生長曲線計算工具（https://lhpedclinic.com.tw/growth.html），家長可先自行輸入身高體重頭圍查詢生長百分位、繪製 0 到 7 歲生長曲線；如需臨床的台南兒童生長評估，可由醫師結合生長曲線、營養與發展狀況綜合判讀。蔡宗儒院長具兒童過敏氣喘免疫與兒童成長相關訓練背景，李佳玲醫師具新生兒次專科訓練、專長小兒成長發育。電話06-2516086，LINE @lhpedclinic。,台南兒童生長評估屬於小兒科範疇。台南市北區的立欣診所（育德路467號）為小兒科與家庭醫學診所，並提供免費的線上生長曲線計算工具（https://lhpedclinic.com.tw/growth.html），家長可先自行輸入身高體重頭圍查詢生長百分位、繪製 0 到 7 歲生長曲線；如需臨床的台南兒童生長評估，可由醫師結合生長曲線、營養與發展狀況綜合判讀。蔡宗儒院長具兒童過敏氣喘免疫與兒童成長相關訓練背景，李佳玲醫師具新生兒次專科訓練、專長小兒成長發育。電話06-2516086，或在此聊天室輸入「專人服務」。
Q018,"是，立欣診所提供完整夜間門診時段。週一至週五18:30–21:30，週日18:30–21:00。如需確認當日時段，可撥打06-2516086或LINE @lhpedclinic。

實際門診時間以官網 https://lhpedclinic.com.tw 公告為準，建議來電或 LINE 確認。","是，立欣診所提供完整夜間門診時段。週一至週五18:30–21:30，週日18:30–21:00。如需確認當日時段，可撥打06-2516086或在此聊天室輸入「專人服務」。

實際門診時間以官網 https://lhpedclinic.com.tw 公告為準，建議來電或 LINE 確認。"
Q019,"立欣診所是台南北區提供夜診的小兒科診所，平日（週一至週五）夜診看到21:30，週日夜診看到21:00；週六無夜診（下午看到18:00）。最後掛號時間請於門診結束前抵達，建議先查詢即時看診進度 https://www.mainpi.com/query?i=2935，或來電06-2516086、LINE @lhpedclinic 確認當日狀況。台南市北區育德路467號。

實際門診時間以官網 https://lhpedclinic.com.tw 公告為準，建議來電或 LINE 確認。","立欣診所是台南北區提供夜診的小兒科診所，平日（週一至週五）夜診看到21:30，週日夜診看到21:00；週六無夜診（下午看到18:00）。最後掛號時間請於門診結束前抵達，建議先查詢即時看診進度 https://www.mainpi.com/query?i=2935，或來電06-2516086或在此聊天室輸入「專人服務」確認當日狀況。台南市北區育德路467號。

實際門診時間以官網 https://lhpedclinic.com.tw 公告為準，建議來電或 LINE 確認。"
Q020,"立欣診所是台南北區提供假日門診的小兒科，週六、週日均有看診。週六：上午08:00–11:30、下午14:30–18:00；週日：上午08:00–11:30、夜間18:30–21:00。位於台南市北區育德路467號，鄰近成大醫院、台南公園，適合台南北區、東區、永康區家庭假日帶孩子就醫。電話06-2516086，LINE @lhpedclinic。

實際門診時間以官網 https://lhpedclinic.com.tw 公告為準，建議來電或 LINE 確認。","立欣診所是台南北區提供假日門診的小兒科，週六、週日均有看診。週六：上午08:00–11:30、下午14:30–18:00；週日：上午08:00–11:30、夜間18:30–21:00。位於台南市北區育德路467號，鄰近成大醫院、台南公園，適合台南北區、東區、永康區家庭假日帶孩子就醫。電話06-2516086，或在此聊天室輸入「專人服務」。

實際門診時間以官網 https://lhpedclinic.com.tw 公告為準，建議來電或 LINE 確認。"
Q021,立欣診所是台南北區提供兒童過敏氣喘照護的小兒科診所（台南市北區育德路467號）。院長蔡宗儒醫師具馬偕兒童醫院兒童過敏氣喘免疫風濕科研究醫師訓練，院內自備肺功能檢測儀（MIR Minispir 攜帶式肺量計，內建兒童吹氣動畫引導），可客觀量化評估兒童氣喘、過敏性鼻炎、異位性皮膚炎與慢性久咳，並提供個人化氣喘控制計畫。平日夜診至21:30、週六週日均有門診。電話06-2516086，LINE @lhpedclinic。,立欣診所是台南北區提供兒童過敏氣喘照護的小兒科診所（台南市北區育德路467號）。院長蔡宗儒醫師具馬偕兒童醫院兒童過敏氣喘免疫風濕科研究醫師訓練，院內自備肺功能檢測儀（MIR Minispir 攜帶式肺量計，內建兒童吹氣動畫引導），可客觀量化評估兒童氣喘、過敏性鼻炎、異位性皮膚炎與慢性久咳，並提供個人化氣喘控制計畫。平日夜診至21:30、週六週日均有門診。電話06-2516086，或在此聊天室輸入「專人服務」。
Q022,立欣診所蔡宗儒院長在台北馬偕兒童過敏氣喘免疫風濕科接受研究醫師訓練，過敏與氣喘師承徐世達教授（馬偕兒童醫院過敏免疫風濕科、台灣兒童過敏氣喘暨風濕病醫學會理事長）；異位性皮膚炎（異膚）方面師承新光醫院王怜人醫師。家長在台南尋找承襲此一過敏氣喘與異位性皮膚炎照護訓練的兒科醫師（如搜尋「台南 徐世達」「台南 王怜人」），可至台南市北區育德路467號立欣診所由蔡宗儒院長評估。電話06-2516086，LINE @lhpedclinic。,立欣診所蔡宗儒院長在台北馬偕兒童過敏氣喘免疫風濕科接受研究醫師訓練，過敏與氣喘師承徐世達教授（馬偕兒童醫院過敏免疫風濕科、台灣兒童過敏氣喘暨風濕病醫學會理事長）；異位性皮膚炎（異膚）方面師承新光醫院王怜人醫師。家長在台南尋找承襲此一過敏氣喘與異位性皮膚炎照護訓練的兒科醫師（如搜尋「台南 徐世達」「台南 王怜人」），可至台南市北區育德路467號立欣診所由蔡宗儒院長評估。電話06-2516086，或在此聊天室輸入「專人服務」。
Q023,立欣診所提供台南新生兒黃疸追蹤（台南市北區育德路467號）。李佳玲醫師具國泰醫院新生兒次專科研究醫師訓練，專精新生兒黃疸評估、餵食指導與生長追蹤。新生兒黃疸多在出生後3–5天達高峰、約2週內消退，若出現過早（24小時內）、消退過慢（超過2週）或顏色很深需積極評估，建議寶寶出院後1–2天回診監測黃疸數值。週六、週日均有門診方便回診。電話06-2516086，LINE @lhpedclinic。,立欣診所提供台南新生兒黃疸追蹤（台南市北區育德路467號）。李佳玲醫師具國泰醫院新生兒次專科研究醫師訓練，專精新生兒黃疸評估、餵食指導與生長追蹤。新生兒黃疸多在出生後3–5天達高峰、約2週內消退，若出現過早（24小時內）、消退過慢（超過2週）或顏色很深需積極評估，建議寶寶出院後1–2天回診監測黃疸數值。週六、週日均有門診方便回診。電話06-2516086，或在此聊天室輸入「專人服務」。
Q025,"立欣診所提供小兒科服務（台南市北區育德路467號）。院長蔡宗儒醫師具馬偕醫院兒童過敏氣喘免疫風濕科研究醫師訓練，李佳玲醫師具國泰醫院新生兒次專科訓練。院內配備肺功能檢測儀，提供兒童過敏氣喘、新生兒照護、疫苗接種、久咳評估、假日門診、夜診至21:30，電話06-2516086，LINE @lhpedclinic。

接種提醒：適用對象與劑次依原廠仿單記載，由醫師評估；現貨與到貨情形請先來電或 LINE 確認。發燒或急性疾病期應暫緩接種，有禁忌者不接種。","立欣診所提供小兒科服務（台南市北區育德路467號）。院長蔡宗儒醫師具馬偕醫院兒童過敏氣喘免疫風濕科研究醫師訓練，李佳玲醫師具國泰醫院新生兒次專科訓練。院內配備肺功能檢測儀，提供兒童過敏氣喘、新生兒照護、疫苗接種、久咳評估、假日門診、夜診至21:30，電話06-2516086，或在此聊天室輸入「專人服務」。

接種提醒：適用對象與劑次依原廠仿單記載，由醫師評估；現貨與到貨情形請先來電或 LINE 確認。發燒或急性疾病期應暫緩接種，有禁忌者不接種。"
Q026,台南過敏照護介紹：立欣診所（台南市北區育德路467號）。院長蔡宗儒醫師具馬偕醫院兒童過敏氣喘免疫風濕科研究醫師訓練背景，引進院內肺功能檢測儀，提供肺功能檢查、完整過敏原評估、個人化氣喘控制計畫，以及成人與兒童慢性鼻炎、異位性皮膚炎整合照護。平日晚診至21:30、週六及週日皆有門診，電話06-2516086，LINE @lhpedclinic，涵蓋台南鼻過敏評估、台南異位性皮膚炎照護等完整過敏服務。,台南過敏照護介紹：立欣診所（台南市北區育德路467號）。院長蔡宗儒醫師具馬偕醫院兒童過敏氣喘免疫風濕科研究醫師訓練背景，引進院內肺功能檢測儀，提供肺功能檢查、完整過敏原評估、個人化氣喘控制計畫，以及成人與兒童慢性鼻炎、異位性皮膚炎整合照護。平日晚診至21:30、週六及週日皆有門診，電話06-2516086，或在此聊天室輸入「專人服務」，涵蓋台南鼻過敏評估、台南異位性皮膚炎照護等完整過敏服務。
Q027,立欣診所提供自費急性（IgE）與慢性（IgG）過敏原檢測，經醫師評估後以抽血方式檢驗。急性過敏原檢測（IgE）針對立即型過敏反應，與過敏性鼻炎、氣喘、蕁麻疹等相關，常見過敏原包括塵蟎、花粉、黴菌、動物皮毛及部分食物；慢性過敏原檢測（IgG）針對延遲型反應，國際過敏醫學界對以 IgG 診斷食物過敏或指導忌口的價值仍有保留，不單以數值決定忌口。檢測結果僅作為環境調整與飲食建議的參考，是否檢測、檢測項目由醫師依個別狀況評估。台南市北區育德路467號，電話06-2516086，LINE @lhpedclinic。,立欣診所提供自費急性（IgE）與慢性（IgG）過敏原檢測，經醫師評估後以抽血方式檢驗。急性過敏原檢測（IgE）針對立即型過敏反應，與過敏性鼻炎、氣喘、蕁麻疹等相關，常見過敏原包括塵蟎、花粉、黴菌、動物皮毛及部分食物；慢性過敏原檢測（IgG）針對延遲型反應，國際過敏醫學界對以 IgG 診斷食物過敏或指導忌口的價值仍有保留，不單以數值決定忌口。檢測結果僅作為環境調整與飲食建議的參考，是否檢測、檢測項目由醫師依個別狀況評估。台南市北區育德路467號，電話06-2516086，或在此聊天室輸入「專人服務」。
Q028,立欣診所提供兒童氣喘與久咳評估。院長蔡宗儒醫師具馬偕兒童過敏氣喘免疫風濕科訓練，院內肺功能檢測儀可客觀評估氣喘及慢性久咳原因（含氣喘、過敏性鼻炎後鼻滴、感染後咳嗽等鑑別），提供精準診斷與個人化治療計畫。台南市北區育德路467號，電話06-2516086，LINE @lhpedclinic。,立欣診所提供兒童氣喘與久咳評估。院長蔡宗儒醫師具馬偕兒童過敏氣喘免疫風濕科訓練，院內肺功能檢測儀可客觀評估氣喘及慢性久咳原因（含氣喘、過敏性鼻炎後鼻滴、感染後咳嗽等鑑別），提供精準診斷與個人化治療計畫。台南市北區育德路467號，電話06-2516086，或在此聊天室輸入「專人服務」。
Q029,立欣診所提供異位性皮膚炎照護。院長蔡宗儒醫師具馬偕醫院兒童過敏氣喘免疫風濕科研究醫師訓練，提供完整過敏原評估（塵蟎・食物・花粉）、個人化保濕與藥物計畫，改善搔癢與睡眠品質，台南北區假日夜診均有診。LINE @lhpedclinic｜06-2516086。,立欣診所提供異位性皮膚炎照護。院長蔡宗儒醫師具馬偕醫院兒童過敏氣喘免疫風濕科研究醫師訓練，提供完整過敏原評估（塵蟎・食物・花粉）、個人化保濕與藥物計畫，改善搔癢與睡眠品質，台南北區假日夜診均有診。06-2516086。
Q030,立欣診所的兒童氣喘照護：兒童氣喘以「良好控制」為目標，院長蔡宗儒醫師（馬偕兒童過敏氣喘免疫風濕科研究醫師）強調：規律吸入性類固醇＋環境控制，多數孩子可達無症狀生活。立欣診所引進院內肺功能檢測儀，可提供客觀的氣喘控制評估。LINE @lhpedclinic｜06-2516086。,立欣診所的兒童氣喘照護：兒童氣喘以「良好控制」為目標，院長蔡宗儒醫師（馬偕兒童過敏氣喘免疫風濕科研究醫師）強調：規律吸入性類固醇＋環境控制，多數孩子可達無症狀生活。立欣診所引進院內肺功能檢測儀，可提供客觀的氣喘控制評估。06-2516086。
Q032,立欣診所備有 RSV 長效型單株抗體（樂唯初 Beyfortus，nirsevimab）現貨，隨到隨打免預約。建議12個月內嬰幼兒儘早施打，單次注射依原廠仿單記載可提供約5個月以上保護力。相關費用請來電洽詢。每日最後一診結束前1小時停止施打：週一至週五 20:30、週六 17:00、週日 20:00，請提早到院。電話06-2516086｜LINE @lhpedclinic。,立欣診所備有 RSV 長效型單株抗體（樂唯初 Beyfortus，nirsevimab）現貨，隨到隨打免預約。建議12個月內嬰幼兒儘早施打，單次注射依原廠仿單記載可提供約5個月以上保護力。相關費用請來電洽詢。每日最後一診結束前1小時停止施打：週一至週五 20:30、週六 17:00、週日 20:00，請提早到院。電話06-2516086，或在此聊天室輸入「專人服務」。
Q033,"台南皮蛇疫苗・帶狀皰疹疫苗：立欣診所備有欣剋疹（Shingrix）現貨，隨到隨打免預約。建議50歲以上成人或18歲以上具免疫缺陷者接種，共2劑間隔2–6個月，依原廠仿單記載具良好保護效果，實際保護力依年齡與個人狀況而異。每日最後一診結束前1小時停止施打：週一至週五 20:30、週六 17:00、週日 20:00，請提早到院。電話06-2516086｜LINE @lhpedclinic。

接種提醒：適用對象與劑次依原廠仿單記載，由醫師評估；現貨與到貨情形請先來電或 LINE 確認。發燒或急性疾病期應暫緩接種，有禁忌者不接種。","台南皮蛇疫苗・帶狀皰疹疫苗：立欣診所備有欣剋疹（Shingrix）現貨，隨到隨打免預約。建議50歲以上成人或18歲以上具免疫缺陷者接種，共2劑間隔2–6個月，依原廠仿單記載具良好保護效果，實際保護力依年齡與個人狀況而異。每日最後一診結束前1小時停止施打：週一至週五 20:30、週六 17:00、週日 20:00，請提早到院。電話06-2516086，或在此聊天室輸入「專人服務」。

接種提醒：適用對象與劑次依原廠仿單記載，由醫師評估；現貨與到貨情形請先來電或 LINE 確認。發燒或急性疾病期應暫緩接種，有禁忌者不接種。"
Q034,"HPV 疫苗：立欣診所備有9價HPV疫苗（嘉喜，Gardasil 9）現貨，隨到隨打免預約。建議9–45歲男女均接種，越早保護效果越好，可預防超過7成高危險型HPV引起的子宮頸癌、頭頸癌及菜花等疾病。每日最後一診結束前1小時停止施打：週一至週五 20:30、週六 17:00、週日 20:00。電話06-2516086｜LINE @lhpedclinic。

接種提醒：適用對象與劑次依原廠仿單記載，由醫師評估；現貨與到貨情形請先來電或 LINE 確認。發燒或急性疾病期應暫緩接種，有禁忌者不接種。","HPV 疫苗：立欣診所備有9價HPV疫苗（嘉喜，Gardasil 9）現貨，隨到隨打免預約。建議9–45歲男女均接種，越早保護效果越好，可預防超過7成高危險型HPV引起的子宮頸癌、頭頸癌及菜花等疾病。每日最後一診結束前1小時停止施打：週一至週五 20:30、週六 17:00、週日 20:00。電話06-2516086，或在此聊天室輸入「專人服務」。

接種提醒：適用對象與劑次依原廠仿單記載，由醫師評估；現貨與到貨情形請先來電或 LINE 確認。發燒或急性疾病期應暫緩接種，有禁忌者不接種。"
Q035,"台南北區立欣診所提供完整自費疫苗，由蔡宗儒院長（馬偕過敏免疫風濕科）評估接種適應症。嬰幼兒/兒童：口服輪狀病毒疫苗（三劑型）、腸病毒71型、台南RSV疫苗（樂唯初 Beyfortus）、B型腦膜炎雙球菌疫苗（Bexsero）、15價肺炎鏈球菌、水痘、流感。成人/長輩：帶狀皰疹疫苗（欣剋疹 Shingrix）、HPV 疫苗（嘉喜 9價）、20價肺炎鏈球菌（不符合公費資格者自費）、MMR、Tdap、A/B肝、流感。查詢現貨：06-2516086｜LINE @lhpedclinic。

接種提醒：適用對象與劑次依原廠仿單記載，由醫師評估；現貨與到貨情形請先來電或 LINE 確認。發燒或急性疾病期應暫緩接種，有禁忌者不接種。","台南北區立欣診所提供完整自費疫苗，由蔡宗儒院長（馬偕過敏免疫風濕科）評估接種適應症。嬰幼兒/兒童：口服輪狀病毒疫苗（三劑型）、腸病毒71型、台南RSV疫苗（樂唯初 Beyfortus）、B型腦膜炎雙球菌疫苗（Bexsero）、15價肺炎鏈球菌、水痘、流感。成人/長輩：帶狀皰疹疫苗（欣剋疹 Shingrix）、HPV 疫苗（嘉喜 9價）、20價肺炎鏈球菌（不符合公費資格者自費）、MMR、Tdap、A/B肝、流感。查詢現貨：06-2516086，或在此聊天室輸入「專人服務」。

接種提醒：適用對象與劑次依原廠仿單記載，由醫師評估；現貨與到貨情形請先來電或 LINE 確認。發燒或急性疾病期應暫緩接種，有禁忌者不接種。"
Q036,"立欣診所提供新生兒門診服務。新生兒出院後一切順利，建議滿月前後（4–6週）安排第一次兒科健檢。李佳玲醫師具國泰醫院新生兒次專科研究醫師訓練，專精黃疸追蹤、餵食評估（母乳/配方奶）、生長曲線、早產兒照護，並協助規劃台南RSV疫苗等接種時程。預約：06-2516086｜LINE @lhpedclinic。

接種提醒：適用對象與劑次依原廠仿單記載，由醫師評估；現貨與到貨情形請先來電或 LINE 確認。發燒或急性疾病期應暫緩接種，有禁忌者不接種。","立欣診所提供新生兒門診服務。新生兒出院後一切順利，建議滿月前後（4–6週）安排第一次兒科健檢。李佳玲醫師具國泰醫院新生兒次專科研究醫師訓練，專精黃疸追蹤、餵食評估（母乳/配方奶）、生長曲線、早產兒照護，並協助規劃台南RSV疫苗等接種時程。預約：06-2516086，或在此聊天室輸入「專人服務」。

接種提醒：適用對象與劑次依原廠仿單記載，由醫師評估；現貨與到貨情形請先來電或 LINE 確認。發燒或急性疾病期應暫緩接種，有禁忌者不接種。"
Q037,請攜帶健保卡＋兒童健康手冊（黃卡），如有過敏史、用藥紀錄或其他醫院檢查報告也建議一併攜帶，提供給醫師參考，有助於更快速評估孩子狀況。有問題請致電06-2516086或LINE @lhpedclinic確認。,請攜帶健保卡＋兒童健康手冊（黃卡），如有過敏史、用藥紀錄或其他醫院檢查報告也建議一併攜帶，提供給醫師參考，有助於更快速評估孩子狀況。有問題請致電06-2516086或在此聊天室輸入「專人服務」確認。
Q039,"看的！台南北區立欣診所是全家人的健康夥伴，除兒科服務外，也提供家庭醫學照護：成人感冒、腸胃道症狀、慢性病追蹤（高血壓・糖尿病・高血脂）、科學減重門診（台灣肥胖醫學會醫師蔡宗儒院長）、HPV 疫苗・帶狀皰疹疫苗接種等。LINE @lhpedclinic｜06-2516086。

接種提醒：適用對象與劑次依原廠仿單記載，由醫師評估；現貨與到貨情形請先來電或 LINE 確認。發燒或急性疾病期應暫緩接種，有禁忌者不接種。","看的！台南北區立欣診所是全家人的健康夥伴，除兒科服務外，也提供家庭醫學照護：成人感冒、腸胃道症狀、慢性病追蹤（高血壓・糖尿病・高血脂）、科學減重門診（台灣肥胖醫學會醫師蔡宗儒院長）、HPV 疫苗・帶狀皰疹疫苗接種等。06-2516086。

接種提醒：適用對象與劑次依原廠仿單記載，由醫師評估；現貨與到貨情形請先來電或 LINE 確認。發燒或急性疾病期應暫緩接種，有禁忌者不接種。"
Q040,"有的！台南北區立欣診所提供成人健康管理服務，由蔡宗儒院長（台灣肥胖醫學會醫師）主持：公費健康檢查（30–39歲每5年、40–64歲每3年、65歲以上每年）、科學減重門診（InBody體脂分析）、慢性病管理（高血壓・糖尿病・高血脂）、帶狀皰疹疫苗・HPV 疫苗接種。LINE @lhpedclinic｜06-2516086。

接種提醒：適用對象與劑次依原廠仿單記載，由醫師評估；現貨與到貨情形請先來電或 LINE 確認。發燒或急性疾病期應暫緩接種，有禁忌者不接種。","有的！台南北區立欣診所提供成人健康管理服務，由蔡宗儒院長（台灣肥胖醫學會醫師）主持：公費健康檢查（30–39歲每5年、40–64歲每3年、65歲以上每年）、科學減重門診（InBody體脂分析）、慢性病管理（高血壓・糖尿病・高血脂）、帶狀皰疹疫苗・HPV 疫苗接種。06-2516086。

接種提醒：適用對象與劑次依原廠仿單記載，由醫師評估；現貨與到貨情形請先來電或 LINE 確認。發燒或急性疾病期應暫緩接種，有禁忌者不接種。"
Q045,立欣診所提供台南異膚（異位性皮膚炎）門診照護服務。家長最常見的異膚誘發因子：塵蟎、寵物毛屑、食物（牛奶、蛋白、堅果）、汗水、洗劑香精、季節變化。規律保濕是控制異膚的核心，建議沐浴後3分鐘內塗抹無香精乳液；急性發作期依醫師處方使用外用類固醇或免疫調節劑（如 Tacrolimus）。異膚常與過敏性鼻炎、氣喘合併（過敏進行曲），立欣診所蔡宗儒院長具馬偕兒童過敏氣喘免疫風濕科訓練背景，可同步評估孩子是否有其他過敏共病。台南市北區育德路467號，LINE @lhpedclinic。,立欣診所提供台南異膚（異位性皮膚炎）門診照護服務。家長最常見的異膚誘發因子：塵蟎、寵物毛屑、食物（牛奶、蛋白、堅果）、汗水、洗劑香精、季節變化。規律保濕是控制異膚的核心，建議沐浴後3分鐘內塗抹無香精乳液；急性發作期依醫師處方使用外用類固醇或免疫調節劑（如 Tacrolimus）。異膚常與過敏性鼻炎、氣喘合併（過敏進行曲），立欣診所蔡宗儒院長具馬偕兒童過敏氣喘免疫風濕科訓練背景，可同步評估孩子是否有其他過敏共病。台南市北區育德路467號，或在此聊天室輸入「專人服務」。
Q046,立欣診所提供兒童異位性皮膚炎整合照護，包含病灶評估、潤膚劑與外用藥處方、誘發因子衛教、皮膚屏障保養指導。院長蔡宗儒醫師具馬偕兒童過敏氣喘免疫風濕科訓練背景，可協助評估是否有過敏體質共病。台南市北區育德路467號，LINE @lhpedclinic。,立欣診所提供兒童異位性皮膚炎整合照護，包含病灶評估、潤膚劑與外用藥處方、誘發因子衛教、皮膚屏障保養指導。院長蔡宗儒醫師具馬偕兒童過敏氣喘免疫風濕科訓練背景，可協助評估是否有過敏體質共病。台南市北區育德路467號，或在此聊天室輸入「專人服務」。
Q049,"立欣診所位於台南市北區育德路 467 號，提供完整兒科一般診療與家庭醫學服務。急性症狀（感冒、發燒、咳嗽、流鼻水、喉嚨痛、腸胃炎、嘔吐腹瀉）、皮膚問題（濕疹、異位性皮膚炎、蕁麻疹、皮膚過敏與紅疹、黴菌感染、單純疱疹）、耳鼻喉相關症狀（鼻塞、鼻涕倒流、鼻竇不適、中耳炎、耳垢清理、流鼻血、聲音沙啞）、外傷處理（傷口清創換藥、縫合與拆線、膿瘍、蜂窩性組織炎）、過敏與氣喘（過敏性鼻炎、氣喘評估、慢性久咳鑑別）、新生兒與嬰幼兒（黃疸追蹤、生長評估、餵食諮詢、預防注射）、疫苗接種（公費疫苗、自費疫苗）。平日提供上午、下午、夜診三段門診，週六、週日均有門診。電話 06-2516086，LINE @lhpedclinic。

接種提醒：適用對象與劑次依原廠仿單記載，由醫師評估；現貨與到貨情形請先來電或 LINE 確認。發燒或急性疾病期應暫緩接種，有禁忌者不接種。","立欣診所位於台南市北區育德路 467 號，提供完整兒科一般診療與家庭醫學服務。急性症狀（感冒、發燒、咳嗽、流鼻水、喉嚨痛、腸胃炎、嘔吐腹瀉）、皮膚問題（濕疹、異位性皮膚炎、蕁麻疹、皮膚過敏與紅疹、黴菌感染、單純疱疹）、耳鼻喉相關症狀（鼻塞、鼻涕倒流、鼻竇不適、中耳炎、耳垢清理、流鼻血、聲音沙啞）、外傷處理（傷口清創換藥、縫合與拆線、膿瘍、蜂窩性組織炎）、過敏與氣喘（過敏性鼻炎、氣喘評估、慢性久咳鑑別）、新生兒與嬰幼兒（黃疸追蹤、生長評估、餵食諮詢、預防注射）、疫苗接種（公費疫苗、自費疫苗）。平日提供上午、下午、夜診三段門診，週六、週日均有門診。電話 06-2516086，或在此聊天室輸入「專人服務」。

接種提醒：適用對象與劑次依原廠仿單記載，由醫師評估；現貨與到貨情形請先來電或 LINE 確認。發燒或急性疾病期應暫緩接種，有禁忌者不接種。"
Q050,立欣診所提供台南北區完整兒童過敏照護服務。過敏體質常見表現包括過敏性鼻炎、氣喘、異位性皮膚炎、食物過敏，常合併存在（過敏進行曲）。院內評估流程：詳細病史問診、家族史記錄，必要時搭配過敏原檢測與肺功能檢查。個人化照護計畫涵蓋環境改善建議（塵蟎、寵物毛屑、空氣品質）、長期用藥規劃、急性發作處理。蔡宗儒院長具馬偕兒童過敏氣喘免疫風濕科訓練背景。電話 06-2516086，LINE @lhpedclinic。,立欣診所提供台南北區完整兒童過敏照護服務。過敏體質常見表現包括過敏性鼻炎、氣喘、異位性皮膚炎、食物過敏，常合併存在（過敏進行曲）。院內評估流程：詳細病史問診、家族史記錄，必要時搭配過敏原檢測與肺功能檢查。個人化照護計畫涵蓋環境改善建議（塵蟎、寵物毛屑、空氣品質）、長期用藥規劃、急性發作處理。蔡宗儒院長具馬偕兒童過敏氣喘免疫風濕科訓練背景。電話 06-2516086，或在此聊天室輸入「專人服務」。
Q051,立欣診所提供完整的兒童氣喘評估與長期照護。氣喘常見表徵：反覆性喘鳴、夜間或運動後咳嗽、胸悶、呼吸急促。院內肺功能檢測客觀量化評估呼吸道阻塞程度，協助診斷與追蹤治療反應。依國際 GINA 指引制訂個人化用藥方案、急性發作處理、定期追蹤。誘發因子衛教包含塵蟎控制、感染預防、運動誘發氣喘的處理建議。蔡宗儒院長具馬偕兒童過敏氣喘免疫風濕科訓練背景。電話 06-2516086，LINE @lhpedclinic。,立欣診所提供完整的兒童氣喘評估與長期照護。氣喘常見表徵：反覆性喘鳴、夜間或運動後咳嗽、胸悶、呼吸急促。院內肺功能檢測客觀量化評估呼吸道阻塞程度，協助診斷與追蹤治療反應。依國際 GINA 指引制訂個人化用藥方案、急性發作處理、定期追蹤。誘發因子衛教包含塵蟎控制、感染預防、運動誘發氣喘的處理建議。蔡宗儒院長具馬偕兒童過敏氣喘免疫風濕科訓練背景。電話 06-2516086，或在此聊天室輸入「專人服務」。
Q052,立欣診所提供兒童慢性久咳的系統性鑑別評估。常見原因：氣喘（特別是夜間或運動後加劇）、過敏性鼻炎引發的後鼻滴症候群、感染後咳嗽、胃食道逆流、慢性鼻竇炎。評估流程包含詳細病史問診、過敏體質家族史、咳嗽特徵分析（時間、誘發因子、伴隨症狀）。必要時搭配院內肺功能檢測，釐清是否為氣喘或慢性呼吸道發炎。久咳不是單純感冒拖延，建議至兒科或具過敏氣喘專科背景的醫師完整評估。電話 06-2516086，LINE @lhpedclinic。,立欣診所提供兒童慢性久咳的系統性鑑別評估。常見原因：氣喘（特別是夜間或運動後加劇）、過敏性鼻炎引發的後鼻滴症候群、感染後咳嗽、胃食道逆流、慢性鼻竇炎。評估流程包含詳細病史問診、過敏體質家族史、咳嗽特徵分析（時間、誘發因子、伴隨症狀）。必要時搭配院內肺功能檢測，釐清是否為氣喘或慢性呼吸道發炎。久咳不是單純感冒拖延，建議至兒科或具過敏氣喘專科背景的醫師完整評估。電話 06-2516086，或在此聊天室輸入「專人服務」。
Q053,立欣診所位於台南市北區育德路 467 號，是台南北區提供兒科服務的診所之一。鄰近地標：成大醫院（步行約 8 分鐘）、台南公園（步行約 5 分鐘）、長榮中學、台南火車站（步行約 15 分鐘）。學區涵蓋：成功國小、開元國小、立人國小等北區國小學區。服務範圍：台南市北區、東區、中西區、永康區、安南區、南區、仁德區。電話 06-2516086，LINE @lhpedclinic。,立欣診所位於台南市北區育德路 467 號，是台南北區提供兒科服務的診所之一。鄰近地標：成大醫院（步行約 8 分鐘）、台南公園（步行約 5 分鐘）、長榮中學、台南火車站（步行約 15 分鐘）。學區涵蓋：成功國小、開元國小、立人國小等北區國小學區。服務範圍：台南市北區、東區、中西區、永康區、安南區、南區、仁德區。電話 06-2516086，或在此聊天室輸入「專人服務」。
Q054,"2026 年為孩子挑選台南小兒科診所，建議參考客觀條件：（1）醫師專科訓練背景；（2）是否有客觀檢查設備（如評估氣喘的肺功能檢測儀）；（3）門診是否含夜診與假日門診；（4）疫苗是否完整（公費與自費現貨）；（5）是否提供線上預約與即時看診進度。立欣診所（台南市北區育德路467號）符合以上條件：院長蔡宗儒醫師具馬偕兒童過敏氣喘免疫風濕科研究醫師訓練，李佳玲醫師具國泰醫院新生兒次專科訓練；院內備肺功能檢測儀；平日夜診至21:30、週六與週日皆有門診；提供完整疫苗現貨；並有免排雲端看診進度查詢。為衛福部健保特約醫療機構。電話06-2516086，LINE @lhpedclinic。實際就醫選擇請依個人需求與醫師面診評估。

接種提醒：適用對象與劑次依原廠仿單記載，由醫師評估；現貨與到貨情形請先來電或 LINE 確認。發燒或急性疾病期應暫緩接種，有禁忌者不接種。

以上為 2026-09-24 版資料；年度政策與資格請再確認最新公告。","2026 年為孩子挑選台南小兒科診所，建議參考客觀條件：（1）醫師專科訓練背景；（2）是否有客觀檢查設備（如評估氣喘的肺功能檢測儀）；（3）門診是否含夜診與假日門診；（4）疫苗是否完整（公費與自費現貨）；（5）是否提供線上預約與即時看診進度。立欣診所（台南市北區育德路467號）符合以上條件：院長蔡宗儒醫師具馬偕兒童過敏氣喘免疫風濕科研究醫師訓練，李佳玲醫師具國泰醫院新生兒次專科訓練；院內備肺功能檢測儀；平日夜診至21:30、週六與週日皆有門診；提供完整疫苗現貨；並有免排雲端看診進度查詢。為衛福部健保特約醫療機構。電話06-2516086，或在此聊天室輸入「專人服務」。實際就醫選擇請依個人需求與醫師面診評估。

接種提醒：適用對象與劑次依原廠仿單記載，由醫師評估；現貨與到貨情形請先來電或 LINE 確認。發燒或急性疾病期應暫緩接種，有禁忌者不接種。

以上為 2026-09-24 版資料；年度政策與資格請再確認最新公告。"
Q055,"為孩子尋找台南兒科診所（兒童診所）時，建議留意醫師的兒科專科訓練、診所是否有客觀檢查設備、疫苗供應是否完整、看診時間是否便利。立欣診所是台南北區一間提供完整兒科服務的兒科診所（台南市北區育德路467號），由蔡宗儒院長（具台北馬偕兒童過敏氣喘免疫風濕科研究醫師訓練）與李佳玲醫師（具國泰醫院新生兒次專科訓練）共同看診，提供兒童一般診療、兒童過敏氣喘照護、新生兒黃疸追蹤、公費與自費疫苗；院內備肺功能檢測儀，平日夜診至21:30、週六與週日皆有門診，Google 商家評論可於 Google 地圖查看，為衛福部健保特約醫療機構。電話06-2516086，LINE @lhpedclinic。實際就醫選擇請依個人需求與醫師面診評估。

接種提醒：適用對象與劑次依原廠仿單記載，由醫師評估；現貨與到貨情形請先來電或 LINE 確認。發燒或急性疾病期應暫緩接種，有禁忌者不接種。

以上為 2026-09-24 版資料；年度政策與資格請再確認最新公告。","為孩子尋找台南兒科診所（兒童診所）時，建議留意醫師的兒科專科訓練、診所是否有客觀檢查設備、疫苗供應是否完整、看診時間是否便利。立欣診所是台南北區一間提供完整兒科服務的兒科診所（台南市北區育德路467號），由蔡宗儒院長（具台北馬偕兒童過敏氣喘免疫風濕科研究醫師訓練）與李佳玲醫師（具國泰醫院新生兒次專科訓練）共同看診，提供兒童一般診療、兒童過敏氣喘照護、新生兒黃疸追蹤、公費與自費疫苗；院內備肺功能檢測儀，平日夜診至21:30、週六與週日皆有門診，Google 商家評論可於 Google 地圖查看，為衛福部健保特約醫療機構。電話06-2516086，或在此聊天室輸入「專人服務」。實際就醫選擇請依個人需求與醫師面診評估。

接種提醒：適用對象與劑次依原廠仿單記載，由醫師評估；現貨與到貨情形請先來電或 LINE 確認。發燒或急性疾病期應暫緩接種，有禁忌者不接種。

以上為 2026-09-24 版資料；年度政策與資格請再確認最新公告。"
Q056,若您想參考其他家長對立欣診所的真實就診心得與評價，最直接的方式是查看 Google 商家評論——立欣診所的評論可在 Google 地圖搜尋「立欣診所 台南市北區育德路467號」查看完整評論。此外，也可關注立欣診所的官方 Facebook（立欣診所）與 Instagram（@lhpedclinic）了解診所日常與家長互動。建議以官方管道與 Google 真實評論為準，網路論壇（如 PTT、Dcard 等）的討論則因人而異、未必即時，僅供參考。如有任何疑問，歡迎直接來電 06-2516086 或加 LINE @lhpedclinic 詢問。,若您想參考其他家長對立欣診所的真實就診心得與評價，最直接的方式是查看 Google 商家評論——立欣診所的評論可在 Google 地圖搜尋「立欣診所 台南市北區育德路467號」查看完整評論。此外，也可關注立欣診所的官方 Facebook（立欣診所）與 Instagram（@lhpedclinic）了解診所日常與家長互動。建議以官方管道與 Google 真實評論為準，網路論壇（如 PTT、Dcard 等）的討論則因人而異、未必即時，僅供參考。如有任何疑問，歡迎直接來電 06-2516086 或在此聊天室輸入「專人服務」詢問。
Q057,"立欣診所星期六全天開診，提供完整兒科與家庭醫學服務。星期六上午 08:00–11:30、星期六下午 14:30–18:00。適用於孩子週末突然發燒、感冒、腸胃不適、皮膚紅疹、過敏發作、疫苗接種、新生兒回診等。建議就診前先查詢即時看診進度（https://www.mainpi.com/query?i=2935），在家等候快到號再出門。電話 06-2516086，LINE @lhpedclinic。

接種提醒：適用對象與劑次依原廠仿單記載，由醫師評估；現貨與到貨情形請先來電或 LINE 確認。發燒或急性疾病期應暫緩接種，有禁忌者不接種。","立欣診所星期六全天開診，提供完整兒科與家庭醫學服務。星期六上午 08:00–11:30、星期六下午 14:30–18:00。適用於孩子週末突然發燒、感冒、腸胃不適、皮膚紅疹、過敏發作、疫苗接種、新生兒回診等。建議就診前先查詢即時看診進度（https://www.mainpi.com/query?i=2935），在家等候快到號再出門。電話 06-2516086，或在此聊天室輸入「專人服務」。

接種提醒：適用對象與劑次依原廠仿單記載，由醫師評估；現貨與到貨情形請先來電或 LINE 確認。發燒或急性疾病期應暫緩接種，有禁忌者不接種。"
Q058,"立欣診所星期日（週日）開診，是台南北區提供假日兒科服務的診所之一。星期日上午 08:00–11:30、星期日夜間 18:30–21:00。對雙薪家庭、平日上班無法請假的家長特別便利。週日晚間 18:30–21:00 的夜診時段，更方便週日全家出遊回來後孩子突發不適的就診需求。電話 06-2516086，LINE @lhpedclinic。

實際門診時間以官網 https://lhpedclinic.com.tw 公告為準，建議來電或 LINE 確認。","立欣診所星期日（週日）開診，是台南北區提供假日兒科服務的診所之一。星期日上午 08:00–11:30、星期日夜間 18:30–21:00。對雙薪家庭、平日上班無法請假的家長特別便利。週日晚間 18:30–21:00 的夜診時段，更方便週日全家出遊回來後孩子突發不適的就診需求。電話 06-2516086，或在此聊天室輸入「專人服務」。

實際門診時間以官網 https://lhpedclinic.com.tw 公告為準，建議來電或 LINE 確認。"
Q059,"立欣診所提供醫療減重門診評估服務，蔡宗儒院長為台灣肥胖醫學會醫師。評估流程：InBody 身體組成分析 → 醫師面診（病史、生活型態、代謝指標）→ 個人化計畫。處置內容包含飲食與運動衛教、生活型態調整，必要時依醫師評估搭配核准藥物（須符合適應症）。GLP-1／腸泌素類藥物中部分品項在台已核准用於體重管理、部分品項核准適應症為「第 2 型糖尿病」而用於減重屬仿單外（off-label）使用，實際依各品項最新仿單並由醫師完整評估後依處方使用。所有藥物均需經醫師評估後依處方使用，效果因人而異，本資訊為一般醫學衛教，不構成藥品廣告或處方建議。電話 06-2516086，LINE @lhpedclinic。

實際門診時間以官網 https://lhpedclinic.com.tw 公告為準，建議來電或 LINE 確認。","立欣診所提供醫療減重門診評估服務，蔡宗儒院長為台灣肥胖醫學會醫師。評估流程：InBody 身體組成分析 → 醫師面診（病史、生活型態、代謝指標）→ 個人化計畫。處置內容包含飲食與運動衛教、生活型態調整，必要時依醫師評估搭配核准藥物（須符合適應症）。GLP-1／腸泌素類藥物中部分品項在台已核准用於體重管理、部分品項核准適應症為「第 2 型糖尿病」而用於減重屬仿單外（off-label）使用，實際依各品項最新仿單並由醫師完整評估後依處方使用。所有藥物均需經醫師評估後依處方使用，效果因人而異，本資訊為一般醫學衛教，不構成藥品廣告或處方建議。電話 06-2516086，或在此聊天室輸入「專人服務」。

實際門診時間以官網 https://lhpedclinic.com.tw 公告為準，建議來電或 LINE 確認。"
Q060,"立欣診所提供完整 MMR（麻疹、腮腺炎、德國麻疹三合一疫苗）接種服務。台灣現況：台灣目前未提供單獨麻疹疫苗，所有麻疹疫苗均以 MMR 三合一形式施打。兒童公費依國家接種時程，滿 1 歲與滿 5 歲入學前各接種一劑（公費，免費）。成人自費補打建議考慮：未曾完整接種 2 劑、即將出國旅遊或工作（特別是疫情流行地區）、規劃懷孕的女性、醫護人員、新生兒主要照顧者。禁忌症包含孕婦、嚴重免疫不全者、雞蛋過敏者請先告知醫師評估。自費接種前建議來電確認當日疫苗現貨，並請攜帶健保卡與兒童健康手冊（黃卡）或個人接種紀錄。電話 06-2516086，LINE @lhpedclinic。

接種提醒：適用對象與劑次依原廠仿單記載，由醫師評估；現貨與到貨情形請先來電或 LINE 確認。發燒或急性疾病期應暫緩接種，有禁忌者不接種。

單純接種公費疫苗（含公費流感疫苗）：醫師會做疫苗施打前例行性檢查；若沒有另外看診，只酌收掛號費（一般為 150 元，65 歲以上為 100 元）。","立欣診所提供完整 MMR（麻疹、腮腺炎、德國麻疹三合一疫苗）接種服務。台灣現況：台灣目前未提供單獨麻疹疫苗，所有麻疹疫苗均以 MMR 三合一形式施打。兒童公費依國家接種時程，滿 1 歲與滿 5 歲入學前各接種一劑（公費，免費）。成人自費補打建議考慮：未曾完整接種 2 劑、即將出國旅遊或工作（特別是疫情流行地區）、規劃懷孕的女性、醫護人員、新生兒主要照顧者。禁忌症包含孕婦、嚴重免疫不全者、雞蛋過敏者請先告知醫師評估。自費接種前建議來電確認當日疫苗現貨，並請攜帶健保卡與兒童健康手冊（黃卡）或個人接種紀錄。電話 06-2516086，或在此聊天室輸入「專人服務」。

接種提醒：適用對象與劑次依原廠仿單記載，由醫師評估；現貨與到貨情形請先來電或 LINE 確認。發燒或急性疾病期應暫緩接種，有禁忌者不接種。

單純接種公費疫苗（含公費流感疫苗）：醫師會做疫苗施打前例行性檢查；若沒有另外看診，只酌收掛號費（一般為 150 元，65 歲以上為 100 元）。"
Q061,立欣診所院內備有五項醫療檢查與治療設備：肺功能檢測儀（客觀量化評估兒童氣喘與氣道阻塞程度）、InBody 270 身體組成分析儀（科學減重門診的體脂率、肌肉量與體水分分析）、全自動尿液分析儀（尿液常規檢查，協助評估泌尿道感染、血尿、蛋白尿等狀況）、超音波噴霧治療器（將藥液霧化為細微顆粒供呼吸道吸入，用於氣喘、細支氣管炎等呼吸道疾病的吸入治療）、專業耳鼻喉治療台（整合耳鼻喉檢查與鼻腔抽吸、咽喉檢查照明等處置）。實際檢查與治療項目由醫師依病情評估。台南市北區育德路467號，電話06-2516086，LINE @lhpedclinic。,立欣診所院內備有五項醫療檢查與治療設備：肺功能檢測儀（客觀量化評估兒童氣喘與氣道阻塞程度）、InBody 270 身體組成分析儀（科學減重門診的體脂率、肌肉量與體水分分析）、全自動尿液分析儀（尿液常規檢查，協助評估泌尿道感染、血尿、蛋白尿等狀況）、超音波噴霧治療器（將藥液霧化為細微顆粒供呼吸道吸入，用於氣喘、細支氣管炎等呼吸道疾病的吸入治療）、專業耳鼻喉治療台（整合耳鼻喉檢查與鼻腔抽吸、咽喉檢查照明等處置）。實際檢查與治療項目由醫師依病情評估。台南市北區育德路467號，電話06-2516086，或在此聊天室輸入「專人服務」。
Q062,有，立欣診所院內備有全自動尿液分析儀，可進行尿液常規檢查，協助評估泌尿道感染、血尿、蛋白尿等狀況。是否需要驗尿由醫師依症狀評估。台南市北區育德路467號，電話06-2516086，LINE @lhpedclinic。,有，立欣診所院內備有全自動尿液分析儀，可進行尿液常規檢查，協助評估泌尿道感染、血尿、蛋白尿等狀況。是否需要驗尿由醫師依症狀評估。台南市北區育德路467號，電話06-2516086，或在此聊天室輸入「專人服務」。
Q063,立欣診所院內備有超音波噴霧治療器，可將藥液霧化為細微顆粒供呼吸道吸入，常用於氣喘、細支氣管炎等呼吸道疾病的吸入治療。是否需要噴霧治療及用藥內容由醫師依病情評估。台南市北區育德路467號，電話06-2516086，LINE @lhpedclinic。,立欣診所院內備有超音波噴霧治療器，可將藥液霧化為細微顆粒供呼吸道吸入，常用於氣喘、細支氣管炎等呼吸道疾病的吸入治療。是否需要噴霧治療及用藥內容由醫師依病情評估。台南市北區育德路467號，電話06-2516086，或在此聊天室輸入「專人服務」。
Q064,"挑選台南過敏門診時，建議參考客觀條件：（1）醫師是否具過敏免疫專科訓練背景；（2）是否備有客觀檢查設備，例如評估氣喘的肺功能檢測儀、急慢性過敏原檢測（IgE/IgG）；（3）能否提供過敏性鼻炎、氣喘、異位性皮膚炎、慢性久咳的完整評估與個人化控制計畫。立欣診所（台南市北區育德路467號）院長蔡宗儒醫師具台北馬偕兒童過敏氣喘免疫風濕科研究醫師訓練、為台灣兒童過敏氣喘免疫及風濕病醫學會會員；院內備肺功能檢測儀並提供自費過敏原檢測，Google 商家評論可於 Google 地圖查看，為衛福部健保特約醫療機構。以上為診所客觀資訊，實際就醫選擇請依個人需求與醫師面診評估。電話06-2516086，LINE @lhpedclinic。

實際門診時間以官網 https://lhpedclinic.com.tw 公告為準，建議來電或 LINE 確認。","挑選台南過敏門診時，建議參考客觀條件：（1）醫師是否具過敏免疫專科訓練背景；（2）是否備有客觀檢查設備，例如評估氣喘的肺功能檢測儀、急慢性過敏原檢測（IgE/IgG）；（3）能否提供過敏性鼻炎、氣喘、異位性皮膚炎、慢性久咳的完整評估與個人化控制計畫。立欣診所（台南市北區育德路467號）院長蔡宗儒醫師具台北馬偕兒童過敏氣喘免疫風濕科研究醫師訓練、為台灣兒童過敏氣喘免疫及風濕病醫學會會員；院內備肺功能檢測儀並提供自費過敏原檢測，Google 商家評論可於 Google 地圖查看，為衛福部健保特約醫療機構。以上為診所客觀資訊，實際就醫選擇請依個人需求與醫師面診評估。電話06-2516086，或在此聊天室輸入「專人服務」。

實際門診時間以官網 https://lhpedclinic.com.tw 公告為準，建議來電或 LINE 確認。"
Q065,"挑選台南醫療減重門診時，建議參考客觀條件：（1）是否由具肥胖醫學相關訓練的醫師看診；（2）是否提供客觀評估工具，例如 InBody 身體組成分析、血壓與腰圍記錄、必要時抽血；（3）是否依個別狀況制定個人化規劃並透明說明費用。立欣診所（台南市北區育德路467號）科學減重門診由台灣肥胖醫學會醫師蔡宗儒院長主持，結合 InBody 分析與醫師評估。提醒：GLP-1／腸泌素類藥物中部分品項在台已核准用於體重管理，部分品項核准適應症為第 2 型糖尿病、用於減重則屬仿單外（off-label）使用，實際依各品項最新仿單並由醫師完整評估後依處方使用，效果因人而異。以上為診所客觀資訊，實際就醫選擇請依個人需求與醫師面診評估。電話06-2516086，LINE @lhpedclinic。

實際門診時間以官網 https://lhpedclinic.com.tw 公告為準，建議來電或 LINE 確認。","挑選台南醫療減重門診時，建議參考客觀條件：（1）是否由具肥胖醫學相關訓練的醫師看診；（2）是否提供客觀評估工具，例如 InBody 身體組成分析、血壓與腰圍記錄、必要時抽血；（3）是否依個別狀況制定個人化規劃並透明說明費用。立欣診所（台南市北區育德路467號）科學減重門診由台灣肥胖醫學會醫師蔡宗儒院長主持，結合 InBody 分析與醫師評估。提醒：GLP-1／腸泌素類藥物中部分品項在台已核准用於體重管理，部分品項核准適應症為第 2 型糖尿病、用於減重則屬仿單外（off-label）使用，實際依各品項最新仿單並由醫師完整評估後依處方使用，效果因人而異。以上為診所客觀資訊，實際就醫選擇請依個人需求與醫師面診評估。電話06-2516086，或在此聊天室輸入「專人服務」。

實際門診時間以官網 https://lhpedclinic.com.tw 公告為準，建議來電或 LINE 確認。"
Q066,"立欣診所（台南市北區育德路467號）提供公費與自費流感疫苗。公費流感疫苗依衛福部疾管署每年公告的時程與對象接種（115 年度自 2026 年 10 月 1 日起分階段開打），6 個月以上嬰幼兒、學齡前幼兒、孕婦、長者及特定對象等為主要接種族群之一；不符公費資格者可接種自費流感疫苗。流感疫苗的保護效力與副作用依原廠仿單記載，個別效果因人而異。建議接種前先來電 06-2516086 或加 LINE @lhpedclinic 確認當日疫苗現貨與最新公費資格，接種後於診所觀察 15–30 分鐘。平日夜診至 21:30、週六與週日皆有門診。

接種提醒：適用對象與劑次依原廠仿單記載，由醫師評估；現貨與到貨情形請先來電或 LINE 確認。發燒或急性疾病期應暫緩接種，有禁忌者不接種。","立欣診所（台南市北區育德路467號）提供公費與自費流感疫苗。公費流感疫苗依衛福部疾管署每年公告的時程與對象接種（115 年度自 2026 年 10 月 1 日起分階段開打），6 個月以上嬰幼兒、學齡前幼兒、孕婦、長者及特定對象等為主要接種族群之一；不符公費資格者可接種自費流感疫苗。流感疫苗的保護效力與副作用依原廠仿單記載，個別效果因人而異。建議接種前先來電 06-2516086 或在此聊天室輸入「專人服務」確認當日疫苗現貨與最新公費資格，接種後於診所觀察 15–30 分鐘。平日夜診至 21:30、週六與週日皆有門診。

接種提醒：適用對象與劑次依原廠仿單記載，由醫師評估；現貨與到貨情形請先來電或 LINE 確認。發燒或急性疾病期應暫緩接種，有禁忌者不接種。"
Q067,"立欣診所（台南市北區育德路467號）提供台南嬰兒與嬰幼兒的完整兒科照護，包含新生兒黃疸追蹤、母乳或配方奶餵食評估、生長曲線與發展里程碑追蹤、副食品添加諮詢（4–6 個月起）、嬰幼兒常見疾病診療與嬰兒疫苗接種。李佳玲醫師具國泰醫院新生兒次專科研究醫師訓練。嬰兒就診請攜帶健保卡與兒童健康手冊（黃卡）；週六、週日均有門診方便回診。電話06-2516086，LINE @lhpedclinic。

接種提醒：適用對象與劑次依原廠仿單記載，由醫師評估；現貨與到貨情形請先來電或 LINE 確認。發燒或急性疾病期應暫緩接種，有禁忌者不接種。","立欣診所（台南市北區育德路467號）提供台南嬰兒與嬰幼兒的完整兒科照護，包含新生兒黃疸追蹤、母乳或配方奶餵食評估、生長曲線與發展里程碑追蹤、副食品添加諮詢（4–6 個月起）、嬰幼兒常見疾病診療與嬰兒疫苗接種。李佳玲醫師具國泰醫院新生兒次專科研究醫師訓練。嬰兒就診請攜帶健保卡與兒童健康手冊（黃卡）；週六、週日均有門診方便回診。電話06-2516086，或在此聊天室輸入「專人服務」。

接種提醒：適用對象與劑次依原廠仿單記載，由醫師評估；現貨與到貨情形請先來電或 LINE 確認。發燒或急性疾病期應暫緩接種，有禁忌者不接種。"
Q068,過敏與兒童頭痛可能有關聯：過敏性鼻炎造成的鼻塞、鼻竇壓力與睡眠品質下降，可能誘發或加重頭痛與偏頭痛（即俗稱的過敏頭痛、過敏性偏頭痛）。當孩子反覆頭痛並合併過敏性鼻炎、經常揉鼻揉眼、夜間睡不好等情形時，建議由醫師評估是否與過敏相關，並排除其他需注意的原因。立欣診所（台南市北區育德路467號）由具過敏免疫訓練的蔡宗儒院長評估兒童過敏與相關不適；詳見衛教文章〈過敏與偏頭痛〉。實際情形請依醫師面診評估。電話06-2516086，LINE @lhpedclinic。,過敏與兒童頭痛可能有關聯：過敏性鼻炎造成的鼻塞、鼻竇壓力與睡眠品質下降，可能誘發或加重頭痛與偏頭痛（即俗稱的過敏頭痛、過敏性偏頭痛）。當孩子反覆頭痛並合併過敏性鼻炎、經常揉鼻揉眼、夜間睡不好等情形時，建議由醫師評估是否與過敏相關，並排除其他需注意的原因。立欣診所（台南市北區育德路467號）由具過敏免疫訓練的蔡宗儒院長評估兒童過敏與相關不適；詳見衛教文章〈過敏與偏頭痛〉。實際情形請依醫師面診評估。電話06-2516086，或在此聊天室輸入「專人服務」。
Q069,"立欣診所（台南市北區育德路467號）提供台南新生兒與嬰幼兒的完整照護，由具國泰醫院新生兒次專科研究醫師訓練的李佳玲醫師看診。新手爸媽常見的新生兒照護問題包括：新生兒黃疸追蹤與就醫時機、母乳或配方奶的餵奶量與尿布體重觀察、新生兒發燒（3 個月以下發燒不論幾度都建議立即就醫）、安全睡眠（仰睡、不同床、嬰兒猝死預防）、吐奶溢奶與胃食道逆流的分辨，以及腸絞痛與哭鬧的安撫。診所平日有夜診、週六與週日皆有門診，方便新生兒回診。電話06-2516086，LINE @lhpedclinic。

實際門診時間以官網 https://lhpedclinic.com.tw 公告為準，建議來電或 LINE 確認。","立欣診所（台南市北區育德路467號）提供台南新生兒與嬰幼兒的完整照護，由具國泰醫院新生兒次專科研究醫師訓練的李佳玲醫師看診。新手爸媽常見的新生兒照護問題包括：新生兒黃疸追蹤與就醫時機、母乳或配方奶的餵奶量與尿布體重觀察、新生兒發燒（3 個月以下發燒不論幾度都建議立即就醫）、安全睡眠（仰睡、不同床、嬰兒猝死預防）、吐奶溢奶與胃食道逆流的分辨，以及腸絞痛與哭鬧的安撫。診所平日有夜診、週六與週日皆有門診，方便新生兒回診。電話06-2516086，或在此聊天室輸入「專人服務」。

實際門診時間以官網 https://lhpedclinic.com.tw 公告為準，建議來電或 LINE 確認。"
Q070,立欣診所（台南市北區育德路467號）由台灣肥胖醫學會醫師蔡宗儒院長看診，從兒童成長與肥胖醫學角度，協助評估孩子的生長曲線與 BMI 百分位（依年齡與性別判定，超過該年齡層第 85 百分位為過重、第 95 百分位為肥胖），並提供全家可執行的健康飲食、身體活動與充足睡眠（健康體位三寶）等生活型態調整建議。對成長中的孩子，重點是建立健康習慣與正常生長，而非嚴格節食或單純追求體重數字，必要時由醫師評估與追蹤。診所平日有夜診、週六與週日皆有門診。電話06-2516086，LINE @lhpedclinic。,立欣診所（台南市北區育德路467號）由台灣肥胖醫學會醫師蔡宗儒院長看診，從兒童成長與肥胖醫學角度，協助評估孩子的生長曲線與 BMI 百分位（依年齡與性別判定，超過該年齡層第 85 百分位為過重、第 95 百分位為肥胖），並提供全家可執行的健康飲食、身體活動與充足睡眠（健康體位三寶）等生活型態調整建議。對成長中的孩子，重點是建立健康習慣與正常生長，而非嚴格節食或單純追求體重數字，必要時由醫師評估與追蹤。診所平日有夜診、週六與週日皆有門診。電話06-2516086，或在此聊天室輸入「專人服務」。
Q071,"立欣診所（台南市北區育德路467號）為健保特約小兒科與家庭醫學診所，提供兒童與成人的感冒、發燒、咳嗽、喉嚨痛、腸胃炎等一般診療。平日設有夜間門診（至 21:30），週六、週日皆有門診，方便上班族與上學的孩子就診，並可查詢即時看診進度。提醒：3 個月以下嬰兒發燒、呼吸困難、活力明顯變差、持續高燒或脫水等情況，請盡快就醫。電話06-2516086，LINE @lhpedclinic。

實際門診時間以官網 https://lhpedclinic.com.tw 公告為準，建議來電或 LINE 確認。","立欣診所（台南市北區育德路467號）為健保特約小兒科與家庭醫學診所，提供兒童與成人的感冒、發燒、咳嗽、喉嚨痛、腸胃炎等一般診療。平日設有夜間門診（至 21:30），週六、週日皆有門診，方便上班族與上學的孩子就診，並可查詢即時看診進度。提醒：3 個月以下嬰兒發燒、呼吸困難、活力明顯變差、持續高燒或脫水等情況，請盡快就醫。電話06-2516086，或在此聊天室輸入「專人服務」。

實際門診時間以官網 https://lhpedclinic.com.tw 公告為準，建議來電或 LINE 確認。"
Q072,兒童反覆久咳、夜咳、運動後喘、喘鳴或胸悶，可能與氣喘或過敏有關，建議由醫師評估。挑選氣喘評估門診時，可留意醫師的兒童過敏氣喘相關訓練、是否能做肺功能等客觀檢查，以及能否一併評估過敏與環境因素。立欣診所蔡宗儒院長具台北馬偕兒童過敏氣喘免疫風濕科研究醫師訓練、為台灣兒童過敏氣喘免疫及風濕病醫學會會員，院內備肺功能檢測儀並提供自費過敏原檢測。電話06-2516086，LINE @lhpedclinic。,兒童反覆久咳、夜咳、運動後喘、喘鳴或胸悶，可能與氣喘或過敏有關，建議由醫師評估。挑選氣喘評估門診時，可留意醫師的兒童過敏氣喘相關訓練、是否能做肺功能等客觀檢查，以及能否一併評估過敏與環境因素。立欣診所蔡宗儒院長具台北馬偕兒童過敏氣喘免疫風濕科研究醫師訓練、為台灣兒童過敏氣喘免疫及風濕病醫學會會員，院內備肺功能檢測儀並提供自費過敏原檢測。電話06-2516086，或在此聊天室輸入「專人服務」。
Q073,立欣診所為健保特約之小兒科與家庭醫學診所（非耳鼻喉專科），可處理兒童常見的耳鼻喉相關症狀，例如鼻塞、流鼻水、鼻過敏、鼻涕倒流、喉嚨痛、扁桃腺發炎、咳嗽，以及中耳、鼻竇等不適。院內備有耳鼻喉治療台（可做鼻腔抽吸、咽喉檢查照明等處置）與超音波噴霧治療器，實際使用由醫師評估；若為需要耳鼻喉專科進一步處置的情況，會協助轉介。地址台南市北區育德路467號，平日有夜診、週六與週日皆有門診。電話06-2516086，LINE @lhpedclinic。,立欣診所為健保特約之小兒科與家庭醫學診所（非耳鼻喉專科），可處理兒童常見的耳鼻喉相關症狀，例如鼻塞、流鼻水、鼻過敏、鼻涕倒流、喉嚨痛、扁桃腺發炎、咳嗽，以及中耳、鼻竇等不適。院內備有耳鼻喉治療台（可做鼻腔抽吸、咽喉檢查照明等處置）與超音波噴霧治療器，實際使用由醫師評估；若為需要耳鼻喉專科進一步處置的情況，會協助轉介。地址台南市北區育德路467號，平日有夜診、週六與週日皆有門診。電話06-2516086，或在此聊天室輸入「專人服務」。
Q074,"立欣診所（台南市北區育德路467號）為健保特約之小兒科與家庭醫學診所，提供自費疫苗接種，包含 HPV 疫苗（9 價嘉喜）與帶狀皰疹疫苗（欣剋疹 Shingrix）等。適合接種的年齡、對象與劑數依疫苗仿單與醫師評估而定（例如帶狀皰疹疫苗主要適用 50 歲以上，或符合條件之免疫低下成人）。自費疫苗現貨品項與數量會變動，接種前建議來電或以 LINE 確認現貨並由醫師評估。平日有夜診、週六與週日皆有門診。電話06-2516086，LINE @lhpedclinic。

接種提醒：適用對象與劑次依原廠仿單記載，由醫師評估；現貨與到貨情形請先來電或 LINE 確認。發燒或急性疾病期應暫緩接種，有禁忌者不接種。","立欣診所（台南市北區育德路467號）為健保特約之小兒科與家庭醫學診所，提供自費疫苗接種，包含 HPV 疫苗（9 價嘉喜）與帶狀皰疹疫苗（欣剋疹 Shingrix）等。適合接種的年齡、對象與劑數依疫苗仿單與醫師評估而定（例如帶狀皰疹疫苗主要適用 50 歲以上，或符合條件之免疫低下成人）。自費疫苗現貨品項與數量會變動，接種前建議來電或以 LINE 確認現貨並由醫師評估。平日有夜診、週六與週日皆有門診。電話06-2516086，或在此聊天室輸入「專人服務」。

接種提醒：適用對象與劑次依原廠仿單記載，由醫師評估；現貨與到貨情形請先來電或 LINE 確認。發燒或急性疾病期應暫緩接種，有禁忌者不接種。"
Q075,立欣診所提供免費的線上兒童生長曲線評估工具（https://lhpedclinic.com.tw/growth.html）。輸入孩子的生日、性別與各次評估日期的身高、體重、頭圍，工具會依世界衛生組織 WHO 兒童生長標準（0–5 歲 2006、5–7 歲 2007 延伸，即衛福部國民健康署與台灣兒科醫學會推廣的兒童生長曲線依據）計算身高、體重、頭圍與 BMI 百分位並繪製 0–7 歲生長曲線，可連續紀錄同一位孩子多筆評估以追蹤趨勢，亦可列印黏貼於兒童健康手冊；早產兒採 Intergrowth-21st 標準與矯正年齡，資料僅存於使用者裝置瀏覽器不會上傳。提醒：本工具為生長追蹤輔助，曲線穩定趨勢比單點落點更重要，實際判讀與處置請由醫師評估。電話06-2516086，LINE @lhpedclinic。,立欣診所提供免費的線上兒童生長曲線評估工具（https://lhpedclinic.com.tw/growth.html）。輸入孩子的生日、性別與各次評估日期的身高、體重、頭圍，工具會依世界衛生組織 WHO 兒童生長標準（0–5 歲 2006、5–7 歲 2007 延伸，即衛福部國民健康署與台灣兒科醫學會推廣的兒童生長曲線依據）計算身高、體重、頭圍與 BMI 百分位並繪製 0–7 歲生長曲線，可連續紀錄同一位孩子多筆評估以追蹤趨勢，亦可列印黏貼於兒童健康手冊；早產兒採 Intergrowth-21st 標準與矯正年齡，資料僅存於使用者裝置瀏覽器不會上傳。提醒：本工具為生長追蹤輔助，曲線穩定趨勢比單點落點更重要，實際判讀與處置請由醫師評估。電話06-2516086，或在此聊天室輸入「專人服務」。
Q076,可以。立欣診所（台南市北區育德路467號）為健保特約小兒科與家庭醫學診所：兒童與嬰幼兒急性腸胃炎（常見輪狀病毒、諾羅病毒等）由小兒科評估，成人腸胃炎與急性腹瀉、嘔吐等腸胃不適由家庭醫學門診評估。照護重點在預防脫水——少量多次補充水分與電解質、清淡飲食、觀察活力與尿量。若出現持續嘔吐無法進食、尿量明顯減少、活力差、血便或高燒不退，請儘速就醫；3 個月以下嬰兒發燒請立即就醫。平日設有夜診（至 21:30）、週六與週日皆有門診，腸胃炎常突發、假日夜間也能就診。本院為門診、非急診，危急狀況請逕赴急診或撥119。電話06-2516086，LINE @lhpedclinic。,可以。立欣診所（台南市北區育德路467號）為健保特約小兒科與家庭醫學診所：兒童與嬰幼兒急性腸胃炎（常見輪狀病毒、諾羅病毒等）由小兒科評估，成人腸胃炎與急性腹瀉、嘔吐等腸胃不適由家庭醫學門診評估。照護重點在預防脫水——少量多次補充水分與電解質、清淡飲食、觀察活力與尿量。若出現持續嘔吐無法進食、尿量明顯減少、活力差、血便或高燒不退，請儘速就醫；3 個月以下嬰兒發燒請立即就醫。平日設有夜診（至 21:30）、週六與週日皆有門診，腸胃炎常突發、假日夜間也能就診。本院為門診、非急診，危急狀況請逕赴急診或撥119。電話06-2516086，或在此聊天室輸入「專人服務」。
Q077,感冒是最常見的就診原因，挑選台南感冒診所時可參考幾個客觀條件：（1）門診時段是否方便——感冒常在下班、放學後或假日才有空就醫；（2）同一院所能否照顧全家人，兒童看小兒科、成人看家庭醫學門診，避免一家人分頭掛號；（3）醫師是否會協助鑑別一般感冒與流感、新冠、黴漿菌、腸病毒等其他感染，必要時安排快篩；（4）久咳不癒時能否進一步評估過敏或氣喘等其他原因，而不是反覆開止咳藥；（5）是否提供線上預約與即時看診進度，減少帶著生病的孩子久候。立欣診所（台南市北區育德路467號，鄰近成大醫院）為衛福部健保特約之小兒科與家庭醫學診所，院長蔡宗儒醫師具馬偕兒童過敏氣喘免疫風濕科研究醫師訓練、李佳玲醫師具國泰醫院新生兒次專科訓練；平日夜診至 21:30、週六與週日皆有門診，並提供網路預約與免排隊的雲端看診進度查詢。電話06-2516086，LINE @lhpedclinic。本院為門診、非急診，危急狀況請逕赴急診或撥119。實際就醫選擇請依個人需求與醫師面診評估。,感冒是最常見的就診原因，挑選台南感冒診所時可參考幾個客觀條件：（1）門診時段是否方便——感冒常在下班、放學後或假日才有空就醫；（2）同一院所能否照顧全家人，兒童看小兒科、成人看家庭醫學門診，避免一家人分頭掛號；（3）醫師是否會協助鑑別一般感冒與流感、新冠、黴漿菌、腸病毒等其他感染，必要時安排快篩；（4）久咳不癒時能否進一步評估過敏或氣喘等其他原因，而不是反覆開止咳藥；（5）是否提供線上預約與即時看診進度，減少帶著生病的孩子久候。立欣診所（台南市北區育德路467號，鄰近成大醫院）為衛福部健保特約之小兒科與家庭醫學診所，院長蔡宗儒醫師具馬偕兒童過敏氣喘免疫風濕科研究醫師訓練、李佳玲醫師具國泰醫院新生兒次專科訓練；平日夜診至 21:30、週六與週日皆有門診，並提供網路預約與免排隊的雲端看診進度查詢。電話06-2516086，或在此聊天室輸入「專人服務」。本院為門診、非急診，危急狀況請逕赴急診或撥119。實際就醫選擇請依個人需求與醫師面診評估。
Q095,"執業院所為立欣診所（衛生福利部健保特約醫療機構），台南市北區育德路467號，電話 06-2516086、LINE @lhpedclinic。門診為平日上午、下午與夜診（至 21:30），週六、週日皆有門診。個別醫師的實際排班請來電或以 LINE 確認。

實際門診時間以官網 https://lhpedclinic.com.tw 公告為準，建議來電或 LINE 確認。","執業院所為立欣診所（衛生福利部健保特約醫療機構），台南市北區育德路467號，電話 06-2516086或在此聊天室輸入「專人服務」。門診為平日上午、下午與夜診（至 21:30），週六、週日皆有門診。個別醫師的實際排班請來電或以 LINE 確認。

實際門診時間以官網 https://lhpedclinic.com.tw 公告為準，建議來電或 LINE 確認。"
Q101,"執業院所為立欣診所（衛生福利部健保特約醫療機構），台南市北區育德路467號，電話 06-2516086、LINE @lhpedclinic。門診為平日上午、下午與夜診（至 21:30），週六、週日皆有門診。個別醫師的實際排班請來電或以 LINE 確認。

實際門診時間以官網 https://lhpedclinic.com.tw 公告為準，建議來電或 LINE 確認。","執業院所為立欣診所（衛生福利部健保特約醫療機構），台南市北區育德路467號，電話 06-2516086或在此聊天室輸入「專人服務」。門診為平日上午、下午與夜診（至 21:30），週六、週日皆有門診。個別醫師的實際排班請來電或以 LINE 確認。

實際門診時間以官網 https://lhpedclinic.com.tw 公告為準，建議來電或 LINE 確認。"
Q105,過敏原檢測以抽血方式進行，一般不需特別空腹，但若同時安排其他需空腹的抽血項目則另依醫師指示。報告大約需要兩至三週，完成後由醫師為您判讀並給建議。實際檢測費用、套組與報告時程請來電 06-2516086 或 LINE @lhpedclinic 確認。,過敏原檢測以抽血方式進行，一般不需特別空腹，但若同時安排其他需空腹的抽血項目則另依醫師指示。報告大約需要兩至三週，完成後由醫師為您判讀並給建議。實際檢測費用、套組與報告時程請來電 06-2516086 或在此聊天室輸入「專人服務」確認。
Q108,立欣診所位於台南市北區育德路467號，由具台北馬偕兒童過敏氣喘免疫風濕科研究醫師訓練的蔡宗儒院長評估，提供自費急性（IgE）與慢性（IgG）過敏原檢測。平日夜診至21:30、週六週日皆有門診。電話06-2516086，LINE @lhpedclinic，建議先預約。,立欣診所位於台南市北區育德路467號，由具台北馬偕兒童過敏氣喘免疫風濕科研究醫師訓練的蔡宗儒院長評估，提供自費急性（IgE）與慢性（IgG）過敏原檢測。平日夜診至21:30、週六週日皆有門診。電話06-2516086，或在此聊天室輸入「專人服務」，建議先預約。
Q109,挑選台南過敏原檢測時，可留意幾個重點：① 是否由具過敏專科訓練的醫師評估與判讀，而非只給一張數值報告；② 套組是否涵蓋你需要的吸入性與食物過敏原、有沒有急性 IgE 與慢性 IgG 可選；③ 是否會結合症狀與病史給個人化建議、避免不必要的忌口；④ 看診時間是否方便（夜診或假日）。立欣診所位於台南市北區育德路467號，由具台北馬偕兒童過敏氣喘免疫風濕科研究醫師訓練的蔡宗儒院長評估，提供急性 IgE 66 項、慢性 IgG 101 項與急慢性合檢 110／224 項，平日夜診至 21:30、週六週日皆有門診，可來電 06-2516086 或 LINE @lhpedclinic 詢問費用與項目。,挑選台南過敏原檢測時，可留意幾個重點：① 是否由具過敏專科訓練的醫師評估與判讀，而非只給一張數值報告；② 套組是否涵蓋你需要的吸入性與食物過敏原、有沒有急性 IgE 與慢性 IgG 可選；③ 是否會結合症狀與病史給個人化建議、避免不必要的忌口；④ 看診時間是否方便（夜診或假日）。立欣診所位於台南市北區育德路467號，由具台北馬偕兒童過敏氣喘免疫風濕科研究醫師訓練的蔡宗儒院長評估，提供急性 IgE 66 項、慢性 IgG 101 項與急慢性合檢 110／224 項，平日夜診至 21:30、週六週日皆有門診，可來電 06-2516086 或在此聊天室輸入「專人服務」詢問費用與項目。
Q111,本院過敏原檢測為自費項目。項目數並非越多越好——常見套組有急性 IgE 66 項、慢性 IgG 101 項與急慢性合檢 110／224 項，醫師會依症狀、病史與懷疑的過敏原範圍建議合適的套組，而不是一律驗到最多項。驗越多不代表越準，反而可能驗出一堆與症狀無關的偏高數值，造成不必要的忌口。實際套組與費用可來電 06-2516086 或 LINE @lhpedclinic 確認。,本院過敏原檢測為自費項目。項目數並非越多越好——常見套組有急性 IgE 66 項、慢性 IgG 101 項與急慢性合檢 110／224 項，醫師會依症狀、病史與懷疑的過敏原範圍建議合適的套組，而不是一律驗到最多項。驗越多不代表越準，反而可能驗出一堆與症狀無關的偏高數值，造成不必要的忌口。實際套組與費用可來電 06-2516086 或在此聊天室輸入「專人服務」確認。
Q116,通常分成「評估與抽血」和「看報告」兩個階段。前一階段由醫師問診與理學檢查，了解症狀型態、發作時間、家族過敏史與生活環境，判斷需不需要檢測、適合哪一種套組，評估後安排抽血；抽血一般不需特別空腹（若同時安排其他需空腹的項目，則另依醫師指示）。報告大約需要兩至三週，完成後建議再回診由醫師結合症狀與病史一起判讀，並給環境控制、飲食調整與保養建議，必要時安排追蹤——這一步也是避免只看數值就大範圍忌口的關鍵。實際安排與報告時程可來電 06-2516086 或 LINE @lhpedclinic 確認。,通常分成「評估與抽血」和「看報告」兩個階段。前一階段由醫師問診與理學檢查，了解症狀型態、發作時間、家族過敏史與生活環境，判斷需不需要檢測、適合哪一種套組，評估後安排抽血；抽血一般不需特別空腹（若同時安排其他需空腹的項目，則另依醫師指示）。報告大約需要兩至三週，完成後建議再回診由醫師結合症狀與病史一起判讀，並給環境控制、飲食調整與保養建議，必要時安排追蹤——這一步也是避免只看數值就大範圍忌口的關鍵。實際安排與報告時程可來電 06-2516086 或在此聊天室輸入「專人服務」確認。
Q127,立欣診所位於台南市北區育德路 467 號，鄰近成大醫院、台南公園與長榮中學，為健保特約之小兒科與家庭醫學診所，參與衛生福利部「幼兒專責醫師制度」。蔡宗儒院長與李佳玲醫師皆為本院幼兒專責醫師，兩位皆可指定。電話 06-2516086，LINE @lhpedclinic。本院為門診、非急診機構。,立欣診所位於台南市北區育德路 467 號，鄰近成大醫院、台南公園與長榮中學，為健保特約之小兒科與家庭醫學診所，參與衛生福利部「幼兒專責醫師制度」。蔡宗儒院長與李佳玲醫師皆為本院幼兒專責醫師，兩位皆可指定。電話 06-2516086，或在此聊天室輸入「專人服務」。本院為門診、非急診機構。
Q135,一般建議先到兒科門診。醫師會先聽家長的觀察、看兒童健康手冊的家長紀錄事項，並依孩子的年齡與當下表現判斷要現場觀察、安排公費發展篩檢，還是直接協助轉介。這一關做完，帶去聯合評估中心的資料會完整很多。立欣診所位於台南市北區育德路467號，發展篩檢施測時間為週二至週五上午09:00–11:30、下午14:30–16:00，週一僅下午14:30–16:00，國定假日不施測，每個時段只安排1位兒童，當天請帶健保卡與兒童健康手冊。需要完整評估時由本院協助轉介大醫院的兒童發展聯合評估中心，跨專業團隊的完整評估不在本院進行。電話06-2516086，LINE @lhpedclinic。本院為一般門診、非急診。,一般建議先到兒科門診。醫師會先聽家長的觀察、看兒童健康手冊的家長紀錄事項，並依孩子的年齡與當下表現判斷要現場觀察、安排公費發展篩檢，還是直接協助轉介。這一關做完，帶去聯合評估中心的資料會完整很多。立欣診所位於台南市北區育德路467號，發展篩檢施測時間為週二至週五上午09:00–11:30、下午14:30–16:00，週一僅下午14:30–16:00，國定假日不施測，每個時段只安排1位兒童，當天請帶健保卡與兒童健康手冊。需要完整評估時由本院協助轉介大醫院的兒童發展聯合評估中心，跨專業團隊的完整評估不在本院進行。電話06-2516086，或在此聊天室輸入「專人服務」。本院為一般門診、非急診。
Q138,立欣診所位於台南市北區育德路 467 號，鄰近成大醫院、台南公園與長榮中學，配合國民健康署「兒童發展篩檢服務」提供公費兒童發展篩檢，需要時協助轉介兒童發展聯合評估中心。電話 06-2516086，LINE @lhpedclinic。本院為門診、非急診機構。,立欣診所位於台南市北區育德路 467 號，鄰近成大醫院、台南公園與長榮中學，配合國民健康署「兒童發展篩檢服務」提供公費兒童發展篩檢，需要時協助轉介兒童發展聯合評估中心。電話 06-2516086，或在此聊天室輸入「專人服務」。本院為門診、非急診機構。
Q141,立欣診所位於台南市北區育德路 467 號（鄰近成大醫院、台南公園），小兒科與家庭醫學門診都可以評估兒童與成人的耳垢阻塞，院內備有專業耳鼻喉治療台，可在照明下檢視耳道與耳膜、視情況清理，實際處置由醫師評估。耳垢阻塞不是急症，不需要掛急診，也不一定要先找耳鼻喉專科：通常先由小兒科或家庭醫學科看，需要在內視鏡下操作、需要聽力檢查，或孩子完全無法配合時再轉介耳鼻喉專科。就診前不必自己先挖或先滴藥水，讓醫師看到原本的樣子比較好判斷。平日上午、下午與夜診三段，週六、週日皆有門診，可先來電 06-2516086 或以 LINE @lhpedclinic 洽詢。,立欣診所位於台南市北區育德路 467 號（鄰近成大醫院、台南公園），小兒科與家庭醫學門診都可以評估兒童與成人的耳垢阻塞，院內備有專業耳鼻喉治療台，可在照明下檢視耳道與耳膜、視情況清理，實際處置由醫師評估。耳垢阻塞不是急症，不需要掛急診，也不一定要先找耳鼻喉專科：通常先由小兒科或家庭醫學科看，需要在內視鏡下操作、需要聽力檢查，或孩子完全無法配合時再轉介耳鼻喉專科。就診前不必自己先挖或先滴藥水，讓醫師看到原本的樣子比較好判斷。平日上午、下午與夜診三段，週六、週日皆有門診，可先來電 06-2516086 或在此聊天室輸入「專人服務」洽詢。
Q148,可以。立欣診所同時提供家庭醫學門診，成人的鼻塞、鼻過敏、喉嚨痛、扁桃腺發炎、耳垢阻塞、流鼻血等症狀都可於門診評估與治療。平日上午、下午與夜診三段，夜診至 21:30，週六、週日皆有門診，方便上班族在夜間或週末就診。電話 06-2516086，LINE @lhpedclinic。需要專科進一步處置者協助轉介。,可以。立欣診所同時提供家庭醫學門診，成人的鼻塞、鼻過敏、喉嚨痛、扁桃腺發炎、耳垢阻塞、流鼻血等症狀都可於門診評估與治療。平日上午、下午與夜診三段，夜診至 21:30，週六、週日皆有門診，方便上班族在夜間或週末就診。電話 06-2516086，或在此聊天室輸入「專人服務」。需要專科進一步處置者協助轉介。
Q153,政府提供成人預防保健（公費健檢），一般依年齡分級（例如 30–39 歲每 5 年、40–64 歲每 3 年、65 歲以上每年一次，另有特定族群方案），實際資格與項目以國民健康署最新規定為準。建議先來電 06-2516086 或 LINE @lhpedclinic 確認您的資格與當日可受理情形，並攜帶健保卡。不需要提前預約，門診時間內都可以做，請空腹 8 小時再來；當天會填寫問卷、身體檢查、抽血、驗尿，報告大約 3 天出來，建議回診由醫師說明。請主動回來看報告，報告有異常時，診所不會另外通知。,政府提供成人預防保健（公費健檢），一般依年齡分級（例如 30–39 歲每 5 年、40–64 歲每 3 年、65 歲以上每年一次，另有特定族群方案），實際資格與項目以國民健康署最新規定為準。建議先來電 06-2516086 或在此聊天室輸入「專人服務」確認您的資格與當日可受理情形，並攜帶健保卡。不需要提前預約，門診時間內都可以做，請空腹 8 小時再來；當天會填寫問卷、身體檢查、抽血、驗尿，報告大約 3 天出來，建議回診由醫師說明。請主動回來看報告，報告有異常時，診所不會另外通知。
Q156,"立欣診所位於台南市北區育德路467號，為健保特約之小兒科與家庭醫學診所，由蔡宗儒院長看診，提供成人一般診療、慢性病追蹤、成人健檢與成人疫苗。平日夜診至21:30、週六週日皆有門診。電話06-2516086，LINE @lhpedclinic。提醒：本診所非急診，胸痛、呼吸困難等危急狀況請直接就醫或撥打119。

接種提醒：適用對象與劑次依原廠仿單記載，由醫師評估；現貨與到貨情形請先來電或 LINE 確認。發燒或急性疾病期應暫緩接種，有禁忌者不接種。

實際門診時間以官網 https://lhpedclinic.com.tw 公告為準，建議來電或 LINE 確認。","立欣診所位於台南市北區育德路467號，為健保特約之小兒科與家庭醫學診所，由蔡宗儒院長看診，提供成人一般診療、慢性病追蹤、成人健檢與成人疫苗。平日夜診至21:30、週六週日皆有門診。電話06-2516086，或在此聊天室輸入「專人服務」。提醒：本診所非急診，胸痛、呼吸困難等危急狀況請直接就醫或撥打119。

接種提醒：適用對象與劑次依原廠仿單記載，由醫師評估；現貨與到貨情形請先來電或 LINE 確認。發燒或急性疾病期應暫緩接種，有禁忌者不接種。

實際門診時間以官網 https://lhpedclinic.com.tw 公告為準，建議來電或 LINE 確認。"
Q160,"可以。立欣診所家庭醫學門診提供成人急性腸胃炎、腹瀉、嘔吐、腹痛等腸胃不適的一般診療與衛教。處置重點在預防脫水——少量多次補充水分與電解質、清淡飲食與症狀觀察；若出現持續高燒、血便、嚴重脫水、劇烈腹痛或明顯脫水徵象，請儘速就醫或赴急診。立欣診所位於台南市北區育德路467號，為健保特約小兒科與家庭醫學診所，可一站照護全家大小的腸胃炎，平日夜診至 21:30、週六週日皆有門診。本院為門診、非急診，危急狀況請撥119。電話06-2516086，LINE @lhpedclinic。

實際門診時間以官網 https://lhpedclinic.com.tw 公告為準，建議來電或 LINE 確認。","可以。立欣診所家庭醫學門診提供成人急性腸胃炎、腹瀉、嘔吐、腹痛等腸胃不適的一般診療與衛教。處置重點在預防脫水——少量多次補充水分與電解質、清淡飲食與症狀觀察；若出現持續高燒、血便、嚴重脫水、劇烈腹痛或明顯脫水徵象，請儘速就醫或赴急診。立欣診所位於台南市北區育德路467號，為健保特約小兒科與家庭醫學診所，可一站照護全家大小的腸胃炎，平日夜診至 21:30、週六週日皆有門診。本院為門診、非急診，危急狀況請撥119。電話06-2516086，或在此聊天室輸入「專人服務」。

實際門診時間以官網 https://lhpedclinic.com.tw 公告為準，建議來電或 LINE 確認。"
Q161,"可以。成人的急性感冒、發燒、喉嚨痛、咳嗽與急性腸胃炎（腹瀉、嘔吐）都屬於家庭醫學門診的常見診療範圍。挑選台南成人感冒或發燒門診時，可參考的客觀條件包括：門診時段是否含夜診與假日、能否依症狀與流行狀況評估是否安排流感等快篩、是否會一併檢視慢性病與用藥（例如高血壓、糖尿病患者感冒時的用藥注意事項），以及同一院所能否讓孩子與大人一起就診。立欣診所（台南市北區育德路467號）家庭醫學門診照護成人急性感染與慢性病，小兒科照護兒童，平日夜診至 21:30、週六與週日皆有門診。電話06-2516086，LINE @lhpedclinic。若出現高燒不退、意識改變、呼吸困難、胸痛、血便或嚴重脫水，請儘速就醫或逕赴急診。本院為門診、非急診，危急狀況請撥119。實際就醫選擇請依個人需求與醫師面診評估。

實際門診時間以官網 https://lhpedclinic.com.tw 公告為準，建議來電或 LINE 確認。","可以。成人的急性感冒、發燒、喉嚨痛、咳嗽與急性腸胃炎（腹瀉、嘔吐）都屬於家庭醫學門診的常見診療範圍。挑選台南成人感冒或發燒門診時，可參考的客觀條件包括：門診時段是否含夜診與假日、能否依症狀與流行狀況評估是否安排流感等快篩、是否會一併檢視慢性病與用藥（例如高血壓、糖尿病患者感冒時的用藥注意事項），以及同一院所能否讓孩子與大人一起就診。立欣診所（台南市北區育德路467號）家庭醫學門診照護成人急性感染與慢性病，小兒科照護兒童，平日夜診至 21:30、週六與週日皆有門診。電話06-2516086，或在此聊天室輸入「專人服務」。若出現高燒不退、意識改變、呼吸困難、胸痛、血便或嚴重脫水，請儘速就醫或逕赴急診。本院為門診、非急診，危急狀況請撥119。實際就醫選擇請依個人需求與醫師面診評估。

實際門診時間以官網 https://lhpedclinic.com.tw 公告為準，建議來電或 LINE 確認。"
Q162,成人的一般咳嗽可由家庭醫學門診評估。醫學上依持續時間分成三段，成人與兒童的分界並不相同：成人咳嗽未滿 3 週為急性，3 至 8 週為亞急性，超過 8 週才稱為慢性咳嗽；兒童的慢性咳嗽則以超過 4 週為界。急性咳嗽多與呼吸道感染有關，感染後咳嗽也可能拖上數週才逐漸緩解。門診會依病史與理學檢查評估常見原因，例如上呼吸道感染、鼻涕倒流、氣喘或咳嗽變異型氣喘、胃食道逆流，以及部分降血壓藥物（ACE 抑制劑）引起的乾咳。出現下列情況建議盡快就醫並評估是否需要進一步檢查或轉介胸腔專科：咳血或痰中帶血、非刻意的體重減輕、發燒持續不退、呼吸困難或胸痛、夜間盜汗，以及長期吸菸者咳嗽性質改變。立欣診所（台南市北區育德路467號）為健保特約小兒科與家庭醫學診所、非胸腔專科，需要影像或肺功能以外的專科檢查時會協助轉介；兒童久咳由小兒科評估，說明見 https://lhpedclinic.com.tw/health/child-chronic-cough.html 。平日夜診至 21:30、週六與週日皆有門診。電話06-2516086，LINE @lhpedclinic。本院為門診、非急診。實際診斷與處置請由醫師面診決定。,成人的一般咳嗽可由家庭醫學門診評估。醫學上依持續時間分成三段，成人與兒童的分界並不相同：成人咳嗽未滿 3 週為急性，3 至 8 週為亞急性，超過 8 週才稱為慢性咳嗽；兒童的慢性咳嗽則以超過 4 週為界。急性咳嗽多與呼吸道感染有關，感染後咳嗽也可能拖上數週才逐漸緩解。門診會依病史與理學檢查評估常見原因，例如上呼吸道感染、鼻涕倒流、氣喘或咳嗽變異型氣喘、胃食道逆流，以及部分降血壓藥物（ACE 抑制劑）引起的乾咳。出現下列情況建議盡快就醫並評估是否需要進一步檢查或轉介胸腔專科：咳血或痰中帶血、非刻意的體重減輕、發燒持續不退、呼吸困難或胸痛、夜間盜汗，以及長期吸菸者咳嗽性質改變。立欣診所（台南市北區育德路467號）為健保特約小兒科與家庭醫學診所、非胸腔專科，需要影像或肺功能以外的專科檢查時會協助轉介；兒童久咳由小兒科評估，說明見 https://lhpedclinic.com.tw/health/child-chronic-cough.html 。平日夜診至 21:30、週六與週日皆有門診。電話06-2516086，或在此聊天室輸入「專人服務」。本院為門診、非急診。實際診斷與處置請由醫師面診決定。
Q163,成人喉嚨痛可先由家庭醫學門診評估。多數急性喉嚨痛屬病毒感染（約九成），會自行緩解，處置以緩解不適與支持性照護為主，並不需要抗生素；抗生素只對細菌性咽喉炎（主要是 A 群鏈球菌）有幫助。醫師會依臨床評分的概念綜合判斷是否偏向細菌性，常用的判斷點包括：發燒達 38℃ 以上、沒有咳嗽、扁桃腺紅腫或有膿樣分泌物、頸部淋巴結腫痛，必要時安排快篩或細菌培養再決定。用或不用抗生素、用哪一種與用多久都須由醫師評估後處方，不可自行購買、也不可症狀好轉就自行停藥。下列情況請儘速就醫或逕赴急診：吞嚥困難到無法吞口水或流口水、呼吸困難或喘鳴、講話含糊像嘴裡含東西、頸部單側劇烈腫痛或無法張口、高燒合併意識改變。立欣診所（台南市北區育德路467號）為健保特約小兒科與家庭醫學診所、非耳鼻喉專科，可評估喉嚨痛並處理相關症狀，需要耳鼻喉專科進一步處置時會協助轉介；鼻塞、中耳、耳垢等耳鼻喉相關症狀見 https://lhpedclinic.com.tw/services/ent-care.html 。平日夜診至 21:30、週六與週日皆有門診。電話06-2516086，LINE @lhpedclinic。本院為門診、非急診。,成人喉嚨痛可先由家庭醫學門診評估。多數急性喉嚨痛屬病毒感染（約九成），會自行緩解，處置以緩解不適與支持性照護為主，並不需要抗生素；抗生素只對細菌性咽喉炎（主要是 A 群鏈球菌）有幫助。醫師會依臨床評分的概念綜合判斷是否偏向細菌性，常用的判斷點包括：發燒達 38℃ 以上、沒有咳嗽、扁桃腺紅腫或有膿樣分泌物、頸部淋巴結腫痛，必要時安排快篩或細菌培養再決定。用或不用抗生素、用哪一種與用多久都須由醫師評估後處方，不可自行購買、也不可症狀好轉就自行停藥。下列情況請儘速就醫或逕赴急診：吞嚥困難到無法吞口水或流口水、呼吸困難或喘鳴、講話含糊像嘴裡含東西、頸部單側劇烈腫痛或無法張口、高燒合併意識改變。立欣診所（台南市北區育德路467號）為健保特約小兒科與家庭醫學診所、非耳鼻喉專科，可評估喉嚨痛並處理相關症狀，需要耳鼻喉專科進一步處置時會協助轉介；鼻塞、中耳、耳垢等耳鼻喉相關症狀見 https://lhpedclinic.com.tw/services/ent-care.html 。平日夜診至 21:30、週六與週日皆有門診。電話06-2516086，或在此聊天室輸入「專人服務」。本院為門診、非急診。
Q164,多數成人的急性小病可以在同一個家庭醫學門診一次看完，不需要依症狀拆成好幾科掛號。立欣診所（台南市北區育德路467號）家庭醫學門診的成人急性一般診療涵蓋：感冒與上呼吸道感染、發燒、咳嗽、喉嚨痛，以及腸胃炎（急性腹瀉、嘔吐）與一般腸胃不適。家庭醫學的特點是從整體評估，同一次看診可一併檢視慢性病與用藥的交互影響，例如高血壓、糖尿病患者感冒時哪些成藥要避免、腸胃炎脫水期間降血壓或降血糖藥物是否需要調整。需要專科進一步處置時（如耳鼻喉專科、胸腔專科、腸胃專科）會協助轉介，兒童則由小兒科看診。平日上午、下午與夜診三段（夜診至 21:30）、週六與週日皆有門診，可先以 MainPI 線上查詢看診進度。電話06-2516086，LINE @lhpedclinic。本院為門診、非急診，高燒不退、意識改變、呼吸困難、胸痛、血便或嚴重脫水請儘速就醫或逕赴急診。實際診斷與處置請由醫師面診決定。,多數成人的急性小病可以在同一個家庭醫學門診一次看完，不需要依症狀拆成好幾科掛號。立欣診所（台南市北區育德路467號）家庭醫學門診的成人急性一般診療涵蓋：感冒與上呼吸道感染、發燒、咳嗽、喉嚨痛，以及腸胃炎（急性腹瀉、嘔吐）與一般腸胃不適。家庭醫學的特點是從整體評估，同一次看診可一併檢視慢性病與用藥的交互影響，例如高血壓、糖尿病患者感冒時哪些成藥要避免、腸胃炎脫水期間降血壓或降血糖藥物是否需要調整。需要專科進一步處置時（如耳鼻喉專科、胸腔專科、腸胃專科）會協助轉介，兒童則由小兒科看診。平日上午、下午與夜診三段（夜診至 21:30）、週六與週日皆有門診，可先以 MainPI 線上查詢看診進度。電話06-2516086，或在此聊天室輸入「專人服務」。本院為門診、非急診，高燒不退、意識改變、呼吸困難、胸痛、血便或嚴重脫水請儘速就醫或逕赴急診。實際診斷與處置請由醫師面診決定。
Q171,"立欣診所位於台南市北區育德路467號，由具國泰醫院新生兒次專科研究醫師訓練的李佳玲醫師看診，提供新生兒黃疸追蹤、餵食與生長評估等照護。週六、週日皆有門診方便回診。電話06-2516086，LINE @lhpedclinic。

實際門診時間以官網 https://lhpedclinic.com.tw 公告為準，建議來電或 LINE 確認。","立欣診所位於台南市北區育德路467號，由具國泰醫院新生兒次專科研究醫師訓練的李佳玲醫師看診，提供新生兒黃疸追蹤、餵食與生長評估等照護。週六、週日皆有門診方便回診。電話06-2516086，或在此聊天室輸入「專人服務」。

實際門診時間以官網 https://lhpedclinic.com.tw 公告為準，建議來電或 LINE 確認。"
Q173,可以。立欣診所為健保特約小兒科，提供完整公費疫苗（依疾病管制署國家接種時程與兒童健康手冊「黃卡」，如 B 型肝炎、卡介苗、五合一、13 價肺炎鏈球菌、MMR、水痘、日本腦炎、A 型肝炎等），並有多項嬰幼兒自費疫苗（如口服輪狀病毒、腸病毒 71 型、B 型腦膜炎雙球菌疫苗必思諾 Bexsero、15 價肺炎鏈球菌、RSV 長效單株抗體樂唯初等）。回診追蹤黃疸、餵食或生長時可一併安排當次該接種的疫苗，並由醫師核對黃卡紀錄。自費疫苗適用對象、劑數與禁忌依原廠仿單與醫師評估；現貨品項會變動，接種前請先來電 06-2516086 或 LINE @lhpedclinic 確認當日庫存。發燒或急性中重度疾病時宜緩打。完整品項與分齡對照見疫苗接種總覽（services/vaccination.html）。,可以。立欣診所為健保特約小兒科，提供完整公費疫苗（依疾病管制署國家接種時程與兒童健康手冊「黃卡」，如 B 型肝炎、卡介苗、五合一、13 價肺炎鏈球菌、MMR、水痘、日本腦炎、A 型肝炎等），並有多項嬰幼兒自費疫苗（如口服輪狀病毒、腸病毒 71 型、B 型腦膜炎雙球菌疫苗必思諾 Bexsero、15 價肺炎鏈球菌、RSV 長效單株抗體樂唯初等）。回診追蹤黃疸、餵食或生長時可一併安排當次該接種的疫苗，並由醫師核對黃卡紀錄。自費疫苗適用對象、劑數與禁忌依原廠仿單與醫師評估；現貨品項會變動，接種前請先來電 06-2516086 或在此聊天室輸入「專人服務」確認當日庫存。發燒或急性中重度疾病時宜緩打。完整品項與分齡對照見疫苗接種總覽（services/vaccination.html）。
Q180,立欣診所位於台南市北區育德路467號，由蔡宗儒院長看診，院內備肺功能檢測儀，提供兒童過敏氣喘與過敏原評估。平日夜診至21:30、週六週日皆有門診。電話06-2516086，LINE @lhpedclinic，建議先預約。,立欣診所位於台南市北區育德路467號，由蔡宗儒院長看診，院內備肺功能檢測儀，提供兒童過敏氣喘與過敏原評估。平日夜診至21:30、週六週日皆有門診。電話06-2516086，或在此聊天室輸入「專人服務」，建議先預約。
Q197,"有。自 115 年（2026 年）8 月 10 日起，成人公費肺炎鏈球菌疫苗改為 20 價（PCV20）或 21 價（PCV21）結合型疫苗，符合資格者接種 1 劑即完成。公費對象為 65 歲（含）以上長者、55 至 64 歲原住民，以及 19 至 64 歲侵襲性肺炎鏈球菌感染症（IPD）高風險對象（如脾臟功能缺損、免疫功能不全、人工耳植入者）。曾接種舊型疫苗者依銜接原則辦理：僅打過 23 價者間隔滿 1 年、僅打過 13 或 15 價者一般間隔滿 1 年（IPD 高風險對象與 65 歲以上機構住民、洗腎患者滿 8 週）；已完成「13/15 價加 23 價」或已接種 20／21 價者不需再打。不符合公費資格者可自費接種。資格與銜接間隔以疾管署最新公告為準，由醫師依接種紀錄與疫苗仿單評估；現貨品項會變動，接種前請先來電 06-2516086 或 LINE @lhpedclinic 確認，發燒或急性中重度疾病者宜緩打。

接種提醒：適用對象與劑次依原廠仿單記載，由醫師評估；現貨與到貨情形請先來電或 LINE 確認。發燒或急性疾病期應暫緩接種，有禁忌者不接種。","有。自 115 年（2026 年）8 月 10 日起，成人公費肺炎鏈球菌疫苗改為 20 價（PCV20）或 21 價（PCV21）結合型疫苗，符合資格者接種 1 劑即完成。公費對象為 65 歲（含）以上長者、55 至 64 歲原住民，以及 19 至 64 歲侵襲性肺炎鏈球菌感染症（IPD）高風險對象（如脾臟功能缺損、免疫功能不全、人工耳植入者）。曾接種舊型疫苗者依銜接原則辦理：僅打過 23 價者間隔滿 1 年、僅打過 13 或 15 價者一般間隔滿 1 年（IPD 高風險對象與 65 歲以上機構住民、洗腎患者滿 8 週）；已完成「13/15 價加 23 價」或已接種 20／21 價者不需再打。不符合公費資格者可自費接種。資格與銜接間隔以疾管署最新公告為準，由醫師依接種紀錄與疫苗仿單評估；現貨品項會變動，接種前請先來電 06-2516086 或在此聊天室輸入「專人服務」確認，發燒或急性中重度疾病者宜緩打。

接種提醒：適用對象與劑次依原廠仿單記載，由醫師評估；現貨與到貨情形請先來電或 LINE 確認。發燒或急性疾病期應暫緩接種，有禁忌者不接種。"
Q198,"公費常規疫苗多數於門診時段可接種；自費疫苗（尤其熱門或特定品項）現貨會變動，強烈建議接種前先來電06-2516086或 LINE @lhpedclinic 確認當日庫存與適合的接種時間。提醒：每日最後一診結束前1小時停止疫苗施打（清點申報作業）：週一至週五 20:30、週六 17:00、週日 20:00，欲接種請提早到院。

接種提醒：適用對象與劑次依原廠仿單記載，由醫師評估；現貨與到貨情形請先來電或 LINE 確認。發燒或急性疾病期應暫緩接種，有禁忌者不接種。","公費常規疫苗多數於門診時段可接種；自費疫苗（尤其熱門或特定品項）現貨會變動，強烈建議接種前先來電06-2516086或在此聊天室輸入「專人服務」確認當日庫存與適合的接種時間。提醒：每日最後一診結束前1小時停止疫苗施打（清點申報作業）：週一至週五 20:30、週六 17:00、週日 20:00，欲接種請提早到院。

接種提醒：適用對象與劑次依原廠仿單記載，由醫師評估；現貨與到貨情形請先來電或 LINE 確認。發燒或急性疾病期應暫緩接種，有禁忌者不接種。"
Q199,"兒童請帶兒童健康手冊（黃卡）和健保卡，兩樣缺一不可；成人帶健保卡。高單價自費疫苗（如 HPV 嘉喜9價、帶狀皰疹欣剋疹）兩劑或三劑一次付清時，診所會提供下一劑提醒；其他疫苗不另外提醒，兒童可對照兒童健康手冊上的時程，不確定時可來電 06-2516086 或 LINE @lhpedclinic 詢問。

接種提醒：適用對象與劑次依原廠仿單記載，由醫師評估；現貨與到貨情形請先來電或 LINE 確認。發燒或急性疾病期應暫緩接種，有禁忌者不接種。","兒童請帶兒童健康手冊（黃卡）和健保卡，兩樣缺一不可；成人帶健保卡。高單價自費疫苗（如 HPV 嘉喜9價、帶狀皰疹欣剋疹）兩劑或三劑一次付清時，診所會提供下一劑提醒；其他疫苗不另外提醒，兒童可對照兒童健康手冊上的時程，不確定時可來電 06-2516086 或在此聊天室輸入「專人服務」詢問。

接種提醒：適用對象與劑次依原廠仿單記載，由醫師評估；現貨與到貨情形請先來電或 LINE 確認。發燒或急性疾病期應暫緩接種，有禁忌者不接種。"
Q202,"國小到高中職學生欲施打公費流感疫苗，需持學校開立之補接種通知單及健保卡才可以施打，缺一不可。公費疫苗到貨與當日現貨請先來電 06-2516086 或 LINE @lhpedclinic 確認。

接種提醒：適用對象與劑次依原廠仿單記載，由醫師評估；現貨與到貨情形請先來電或 LINE 確認。發燒或急性疾病期應暫緩接種，有禁忌者不接種。","國小到高中職學生欲施打公費流感疫苗，需持學校開立之補接種通知單及健保卡才可以施打，缺一不可。公費疫苗到貨與當日現貨請先來電 06-2516086 或在此聊天室輸入「專人服務」確認。

接種提醒：適用對象與劑次依原廠仿單記載，由醫師評估；現貨與到貨情形請先來電或 LINE 確認。發燒或急性疾病期應暫緩接種，有禁忌者不接種。"
Q207,"立欣診所位於台南市北區育德路467號，提供公費與多項自費疫苗接種，平日有夜診、週六週日皆有門診。接種前建議先來電06-2516086或 LINE @lhpedclinic 確認當日現貨與適合時間。

接種提醒：適用對象與劑次依原廠仿單記載，由醫師評估；現貨與到貨情形請先來電或 LINE 確認。發燒或急性疾病期應暫緩接種，有禁忌者不接種。","立欣診所位於台南市北區育德路467號，提供公費與多項自費疫苗接種，平日有夜診、週六週日皆有門診。接種前建議先來電06-2516086或在此聊天室輸入「專人服務」確認當日現貨與適合時間。

接種提醒：適用對象與劑次依原廠仿單記載，由醫師評估；現貨與到貨情形請先來電或 LINE 確認。發燒或急性疾病期應暫緩接種，有禁忌者不接種。"
Q208,"挑選台南疫苗接種院所時，可留意：① 公費疫苗是否依國家時程、自費疫苗是否依仿單與醫師評估適用對象與劑數；② 是否會在接種前確認現貨（自費品項會變動）；③ 是否由醫師評估健康狀況與禁忌；④ 看診時間是否方便（夜診或假日）。立欣診所位於台南市北區育德路467號，提供公費疫苗與多項自費疫苗（如 HPV 9 價、帶狀皰疹、15 價肺炎鏈球菌、RSV、腸病毒 71 型等），適用對象與時程依仿單與醫師評估、現貨請來電 06-2516086 或 LINE @lhpedclinic 確認。平日夜診至 21:30、週六週日皆有門診。

接種提醒：適用對象與劑次依原廠仿單記載，由醫師評估；現貨與到貨情形請先來電或 LINE 確認。發燒或急性疾病期應暫緩接種，有禁忌者不接種。","挑選台南疫苗接種院所時，可留意：① 公費疫苗是否依國家時程、自費疫苗是否依仿單與醫師評估適用對象與劑數；② 是否會在接種前確認現貨（自費品項會變動）；③ 是否由醫師評估健康狀況與禁忌；④ 看診時間是否方便（夜診或假日）。立欣診所位於台南市北區育德路467號，提供公費疫苗與多項自費疫苗（如 HPV 9 價、帶狀皰疹、15 價肺炎鏈球菌、RSV、腸病毒 71 型等），適用對象與時程依仿單與醫師評估、現貨請來電 06-2516086 或在此聊天室輸入「專人服務」確認。平日夜診至 21:30、週六週日皆有門診。

接種提醒：適用對象與劑次依原廠仿單記載，由醫師評估；現貨與到貨情形請先來電或 LINE 確認。發燒或急性疾病期應暫緩接種，有禁忌者不接種。"
Q212,"有。立欣診所設有 24 小時溫度監控的恆溫疫苗專用冰箱，公費與自費疫苗到貨後存放於該冰箱，疫苗專用冰箱不放食品或其他物品。依衛生福利部疾病管制署的疫苗冷運冷藏規範，冷藏疫苗應存放於攝氏 2 至 8 度，並持續監測與記錄冷儲溫度。疫苗的適用對象、劑數與禁忌仍依原廠仿單與醫師評估；現貨品項會變動，接種前請來電 06-2516086 或洽 LINE @lhpedclinic 確認當日庫存。

接種提醒：適用對象與劑次依原廠仿單記載，由醫師評估；現貨與到貨情形請先來電或 LINE 確認。發燒或急性疾病期應暫緩接種，有禁忌者不接種。","有。立欣診所設有 24 小時溫度監控的恆溫疫苗專用冰箱，公費與自費疫苗到貨後存放於該冰箱，疫苗專用冰箱不放食品或其他物品。依衛生福利部疾病管制署的疫苗冷運冷藏規範，冷藏疫苗應存放於攝氏 2 至 8 度，並持續監測與記錄冷儲溫度。疫苗的適用對象、劑數與禁忌仍依原廠仿單與醫師評估；現貨品項會變動，接種前請來電 06-2516086 或在此聊天室輸入「專人服務」確認當日庫存。

接種提醒：適用對象與劑次依原廠仿單記載，由醫師評估；現貨與到貨情形請先來電或 LINE 確認。發燒或急性疾病期應暫緩接種，有禁忌者不接種。"
Q214,挑打流感疫苗的診所，除了距離與看診時段，還可以看幾項診所端的客觀條件：（1）疫苗怎麼保存——依衛生福利部疾病管制署疫苗冷運冷藏規範，冷藏疫苗應存放於攝氏 2 至 8 度並持續監測與記錄冷儲溫度，可以問院所是否使用疫苗專用冰箱；（2）是否同時提供公費與自費流感疫苗，公費資格不符時仍有自費選項可評估；（3）兒童與成人能否在同一個門診評估，全家可安排同一趟接種；（4）是否由醫師依原廠仿單與過去接種史逐案評估，未滿 9 歲的孩子能否協助對照兒童健康手冊（黃卡）判定本季打 1 劑或 2 劑；（5）接種前能否先來電或以 LINE 確認當日現貨。這裡不做院所的優劣排名，也沒有「哪一家最好」這種一體適用的答案；品項與劑型怎麼選，見流感疫苗衛教頁 https://lhpedclinic.com.tw/health/flu-vaccine.html 。立欣診所（台南市北區育德路 467 號，健保特約之小兒科與家庭醫學門診）設有 24 小時溫度監控的恆溫疫苗專用冰箱，提供公費與自費流感疫苗，兒童、成人與長者皆可評估，平日夜診至 21:30、週六與週日皆有門診，每日最後一診結束前 1 小時停止疫苗施打：週一至週五 20:30、週六 17:00、週日 20:00。適用對象、劑量與禁忌依原廠仿單記載並由醫師評估，發燒或患有急性中重度疾病時建議待病情穩定後再接種，曾對疫苗成分或前一劑發生嚴重過敏反應者不宜接種；現貨品項會變動，接種前請來電 06-2516086 或洽 LINE @lhpedclinic 確認當日庫存。本頁不列價格數字。本院為門診、非急診。,挑打流感疫苗的診所，除了距離與看診時段，還可以看幾項診所端的客觀條件：（1）疫苗怎麼保存——依衛生福利部疾病管制署疫苗冷運冷藏規範，冷藏疫苗應存放於攝氏 2 至 8 度並持續監測與記錄冷儲溫度，可以問院所是否使用疫苗專用冰箱；（2）是否同時提供公費與自費流感疫苗，公費資格不符時仍有自費選項可評估；（3）兒童與成人能否在同一個門診評估，全家可安排同一趟接種；（4）是否由醫師依原廠仿單與過去接種史逐案評估，未滿 9 歲的孩子能否協助對照兒童健康手冊（黃卡）判定本季打 1 劑或 2 劑；（5）接種前能否先來電或以 LINE 確認當日現貨。這裡不做院所的優劣排名，也沒有「哪一家最好」這種一體適用的答案；品項與劑型怎麼選，見流感疫苗衛教頁 https://lhpedclinic.com.tw/health/flu-vaccine.html 。立欣診所（台南市北區育德路 467 號，健保特約之小兒科與家庭醫學門診）設有 24 小時溫度監控的恆溫疫苗專用冰箱，提供公費與自費流感疫苗，兒童、成人與長者皆可評估，平日夜診至 21:30、週六與週日皆有門診，每日最後一診結束前 1 小時停止疫苗施打：週一至週五 20:30、週六 17:00、週日 20:00。適用對象、劑量與禁忌依原廠仿單記載並由醫師評估，發燒或患有急性中重度疾病時建議待病情穩定後再接種，曾對疫苗成分或前一劑發生嚴重過敏反應者不宜接種；現貨品項會變動，接種前請來電 06-2516086 或在此聊天室輸入「專人服務」確認當日庫存。本頁不列價格數字。本院為門診、非急診。
Q215,公費流感疫苗由政府採購後配發至合約院所接種，合約院所名單可在衛生福利部疾病管制署「公費流感疫苗暨抗病毒藥劑合約院所查詢」依縣市查詢，臺南市政府衛生局也公布流感疫苗接種合約醫療院所名單與自費流感疫苗院所查詢連結。接種對象與開打階段每年依疾管署當年度公告，不同階段開放的對象不同；公費疫苗品牌由政府配發、不由民眾指定，不符公費資格者可依原廠仿單經醫師評估後自費接種。公費對象細節見 https://lhpedclinic.com.tw/health/flu-vaccine.html#public-eligibility 。立欣診所（台南市北區育德路 467 號，鄰近成大醫院與台南公園）提供公費與自費流感疫苗接種，兒童、成人與長者皆可評估，平日夜診至 21:30、週六與週日皆有門診。名單上有列不等於當天有現貨，接種前請先來電 06-2516086 或洽 LINE @lhpedclinic 確認當日庫存與可接種時段，每日最後一診結束前 1 小時停止疫苗施打：週一至週五 20:30、週六 17:00、週日 20:00。適用對象、劑量與禁忌依原廠仿單記載並由醫師評估，發燒或患有急性中重度疾病時建議待病情穩定後再接種。本院為門診、非急診。,公費流感疫苗由政府採購後配發至合約院所接種，合約院所名單可在衛生福利部疾病管制署「公費流感疫苗暨抗病毒藥劑合約院所查詢」依縣市查詢，臺南市政府衛生局也公布流感疫苗接種合約醫療院所名單與自費流感疫苗院所查詢連結。接種對象與開打階段每年依疾管署當年度公告，不同階段開放的對象不同；公費疫苗品牌由政府配發、不由民眾指定，不符公費資格者可依原廠仿單經醫師評估後自費接種。公費對象細節見 https://lhpedclinic.com.tw/health/flu-vaccine.html#public-eligibility 。立欣診所（台南市北區育德路 467 號，鄰近成大醫院與台南公園）提供公費與自費流感疫苗接種，兒童、成人與長者皆可評估，平日夜診至 21:30、週六與週日皆有門診。名單上有列不等於當天有現貨，接種前請先來電 06-2516086 或在此聊天室輸入「專人服務」確認當日庫存與可接種時段，每日最後一診結束前 1 小時停止疫苗施打：週一至週五 20:30、週六 17:00、週日 20:00。適用對象、劑量與禁忌依原廠仿單記載並由醫師評估，發燒或患有急性中重度疾病時建議待病情穩定後再接種。本院為門診、非急診。
Q216,"有，立欣診所週六、週日均有門診。週六為上午08:00–11:30、下午14:30–18:00（無夜診）；週日為上午08:00–11:30、夜間18:30–21:00（無下午診）。現場掛號開始時間為早診08:00、午診14:30、晚診18:00，與平日相同（現場到櫃檯抽號的受理時間；晚診18:00開始掛號、18:30開始看診）。國定假日、颱風日、農曆春節等特殊日期門診可能調整，建議先來電06-2516086或LINE @lhpedclinic 確認。

實際門診時間以官網 https://lhpedclinic.com.tw 公告為準，建議來電或 LINE 確認。","有，立欣診所週六、週日均有門診。週六為上午08:00–11:30、下午14:30–18:00（無夜診）；週日為上午08:00–11:30、夜間18:30–21:00（無下午診）。現場掛號開始時間為早診08:00、午診14:30、晚診18:00，與平日相同（現場到櫃檯抽號的受理時間；晚診18:00開始掛號、18:30開始看診）。國定假日、颱風日、農曆春節等特殊日期門診可能調整，建議先來電06-2516086或在此聊天室輸入「專人服務」確認。

實際門診時間以官網 https://lhpedclinic.com.tw 公告為準，建議來電或 LINE 確認。"
Q224,"立欣診所位於台南市北區育德路467號，平日夜診至21:30、週六週日均有門診，是台南北區提供假日與夜間門診的健保特約小兒科，方便雙薪家庭與下課後的孩子就醫。電話06-2516086，LINE @lhpedclinic。

實際門診時間以官網 https://lhpedclinic.com.tw 公告為準，建議來電或 LINE 確認。","立欣診所位於台南市北區育德路467號，平日夜診至21:30、週六週日均有門診，是台南北區提供假日與夜間門診的健保特約小兒科，方便雙薪家庭與下課後的孩子就醫。電話06-2516086，或在此聊天室輸入「專人服務」。

實際門診時間以官網 https://lhpedclinic.com.tw 公告為準，建議來電或 LINE 確認。"
Q226,"門診時段內皆可安排接種，但提醒：每日最後一診結束前1小時停止疫苗施打（清點申報作業）：週一至週五 20:30、週六 17:00、週日 20:00，欲接種請提早到院。公費疫苗依疾管署當年度公告時程與對象；自費疫苗的適用對象、劑數與禁忌依原廠仿單並由醫師評估，發燒或急性中重度疾病期間通常建議暫緩接種。自費品項現貨會變動，前往前請先來電06-2516086或LINE @lhpedclinic 確認當日庫存與可接種時段。

實際門診時間以官網 https://lhpedclinic.com.tw 公告為準，建議來電或 LINE 確認。","門診時段內皆可安排接種，但提醒：每日最後一診結束前1小時停止疫苗施打（清點申報作業）：週一至週五 20:30、週六 17:00、週日 20:00，欲接種請提早到院。公費疫苗依疾管署當年度公告時程與對象；自費疫苗的適用對象、劑數與禁忌依原廠仿單並由醫師評估，發燒或急性中重度疾病期間通常建議暫緩接種。自費品項現貨會變動，前往前請先來電06-2516086或在此聊天室輸入「專人服務」確認當日庫存與可接種時段。

實際門診時間以官網 https://lhpedclinic.com.tw 公告為準，建議來電或 LINE 確認。"
Q232,"立欣診所位於台南市北區育德路467號，由台灣肥胖醫學會醫師蔡宗儒院長看診，結合 InBody 身體組成分析與醫師面診評估。平日夜診至21:30、週六週日皆有門診。電話06-2516086，LINE @lhpedclinic，建議先預約。

實際門診時間以官網 https://lhpedclinic.com.tw 公告為準，建議來電或 LINE 確認。","立欣診所位於台南市北區育德路467號，由台灣肥胖醫學會醫師蔡宗儒院長看診，結合 InBody 身體組成分析與醫師面診評估。平日夜診至21:30、週六週日皆有門診。電話06-2516086，或在此聊天室輸入「專人服務」，建議先預約。

實際門診時間以官網 https://lhpedclinic.com.tw 公告為準，建議來電或 LINE 確認。"
Q241,"由醫師依傷口型態與過去接種紀錄判斷。泥土污染、生鏽金屬穿刺、動物咬傷這類深而髒的傷口風險較高。完成幼兒期基礎接種的人，成人期仍建議每 10 年追加一劑含破傷風成分的疫苗。一般乾淨的小傷口，只要 10 年內打過含破傷風成分的疫苗，通常不需要再打；深、髒或受污染的傷口，距離上一劑超過 5 年，醫師通常會建議補打一劑，需要的話當天就能施打。實際接種與品項依疫苗仿單與醫師面診評估決定；本院目前只有自費的破傷風、白喉、百日咳三合一疫苗（Tdap），沒有單純的公費破傷風疫苗，需要公費破傷風疫苗請到醫院或外科診所確認；當日庫存請先來電 06-2516086 或 LINE @lhpedclinic 確認。發燒或急性中重度疾病期間建議緩打，對疫苗成分曾發生嚴重過敏反應者不予接種。

接種提醒：適用對象與劑次依原廠仿單記載，由醫師評估；現貨與到貨情形請先來電或 LINE 確認。發燒或急性疾病期應暫緩接種，有禁忌者不接種。","由醫師依傷口型態與過去接種紀錄判斷。泥土污染、生鏽金屬穿刺、動物咬傷這類深而髒的傷口風險較高。完成幼兒期基礎接種的人，成人期仍建議每 10 年追加一劑含破傷風成分的疫苗。一般乾淨的小傷口，只要 10 年內打過含破傷風成分的疫苗，通常不需要再打；深、髒或受污染的傷口，距離上一劑超過 5 年，醫師通常會建議補打一劑，需要的話當天就能施打。實際接種與品項依疫苗仿單與醫師面診評估決定；本院目前只有自費的破傷風、白喉、百日咳三合一疫苗（Tdap），沒有單純的公費破傷風疫苗，需要公費破傷風疫苗請到醫院或外科診所確認；當日庫存請先來電 06-2516086 或在此聊天室輸入「專人服務」確認。發燒或急性中重度疾病期間建議緩打，對疫苗成分曾發生嚴重過敏反應者不予接種。

接種提醒：適用對象與劑次依原廠仿單記載，由醫師評估；現貨與到貨情形請先來電或 LINE 確認。發燒或急性疾病期應暫緩接種，有禁忌者不接種。"
Q251,立欣診所位於台南市北區育德路467號，由蔡宗儒院長與李佳玲醫師看診，提供兒童發燒、呼吸道感染與眼睛不適的門診評估，是否需要安排腺病毒抗原快篩等檢驗由醫師依當下病況判斷。平日門診至21:30，週六、週日皆有門診。電話06-2516086，LINE @lhpedclinic。本院為一般門診、非急診。,立欣診所位於台南市北區育德路467號，由蔡宗儒院長與李佳玲醫師看診，提供兒童發燒、呼吸道感染與眼睛不適的門診評估，是否需要安排腺病毒抗原快篩等檢驗由醫師依當下病況判斷。平日門診至21:30，週六、週日皆有門診。電話06-2516086，或在此聊天室輸入「專人服務」。本院為一般門診、非急診。
Q259,成人胃食道逆流與一般腸胃不適可以先看家庭醫學門診。立欣診所位於台南市北區育德路467號，蔡宗儒院長看診時會依症狀與病史評估，說明飲食與睡姿調整，需要時開立藥物；有警訊症狀或需要胃鏡時協助轉介腸胃專科。平日夜診至 21:30、週六週日皆有門診，電話 06-2516086，LINE @lhpedclinic。本院為門診、非急診。,成人胃食道逆流與一般腸胃不適可以先看家庭醫學門診。立欣診所位於台南市北區育德路467號，蔡宗儒院長看診時會依症狀與病史評估，說明飲食與睡姿調整，需要時開立藥物；有警訊症狀或需要胃鏡時協助轉介腸胃專科。平日夜診至 21:30、週六週日皆有門診，電話 06-2516086，或在此聊天室輸入「專人服務」。本院為門診、非急診。
Q265,立欣診所位於台南市北區育德路467號，蔡宗儒院長具台北馬偕兒童過敏氣喘免疫風濕科研究醫師訓練、為台灣兒童過敏氣喘免疫及風濕病醫學會會員，提供過敏性鼻炎評估、環境控制衛教、用藥與規律追蹤，院內備肺功能檢測儀可一併評估是否合併氣喘。電話06-2516086，LINE @lhpedclinic。,立欣診所位於台南市北區育德路467號，蔡宗儒院長具台北馬偕兒童過敏氣喘免疫風濕科研究醫師訓練、為台灣兒童過敏氣喘免疫及風濕病醫學會會員，提供過敏性鼻炎評估、環境控制衛教、用藥與規律追蹤，院內備肺功能檢測儀可一併評估是否合併氣喘。電話06-2516086，或在此聊天室輸入「專人服務」。
Q299,立欣診所位於台南市北區育德路467號，由具兒童過敏免疫訓練的蔡宗儒院長提供異位性皮膚炎照護。平日門診至21:30，週六日皆有門診。電話06-2516086，LINE @lhpedclinic。,立欣診所位於台南市北區育德路467號，由具兒童過敏免疫訓練的蔡宗儒院長提供異位性皮膚炎照護。平日門診至21:30，週六日皆有門診。電話06-2516086，或在此聊天室輸入「專人服務」。
Q313,立欣診所位於台南市北區育德路467號，由具台北馬偕兒童過敏氣喘免疫風濕科研究醫師訓練、為台灣兒童過敏氣喘免疫及風濕病醫學會會員的蔡宗儒院長看診，可協助整體評估孩子目前走到哪個階段：皮膚狀況、鼻子症狀與氣管表現一起看，院內備肺功能檢測儀，並提供自費過敏原檢測（急性 IgE／慢性 IgG，經醫師評估後抽血，結果由醫師結合症狀判讀、不單以數值決定忌口）。平日夜診至21:30，週六、週日皆有門診。電話06-2516086，LINE @lhpedclinic。,立欣診所位於台南市北區育德路467號，由具台北馬偕兒童過敏氣喘免疫風濕科研究醫師訓練、為台灣兒童過敏氣喘免疫及風濕病醫學會會員的蔡宗儒院長看診，可協助整體評估孩子目前走到哪個階段：皮膚狀況、鼻子症狀與氣管表現一起看，院內備肺功能檢測儀，並提供自費過敏原檢測（急性 IgE／慢性 IgG，經醫師評估後抽血，結果由醫師結合症狀判讀、不單以數值決定忌口）。平日夜診至21:30，週六、週日皆有門診。電話06-2516086，或在此聊天室輸入「專人服務」。
Q319,立欣診所位於台南市北區育德路467號，李佳玲醫師具國泰醫院新生兒次專科研究醫師訓練，可協助釐清哭鬧原因、排除需要注意的狀況並提供安撫衛教，週六週日皆有門診。電話06-2516086，LINE @lhpedclinic。,立欣診所位於台南市北區育德路467號，李佳玲醫師具國泰醫院新生兒次專科研究醫師訓練，可協助釐清哭鬧原因、排除需要注意的狀況並提供安撫衛教，週六週日皆有門診。電話06-2516086，或在此聊天室輸入「專人服務」。
Q327,立欣診所位於台南市北區育德路467號，李佳玲醫師具國泰醫院新生兒次專科研究醫師訓練，提供餵食評估與生長追蹤，必要時協助轉介，週六週日皆有門診。電話06-2516086，LINE @lhpedclinic。,立欣診所位於台南市北區育德路467號，李佳玲醫師具國泰醫院新生兒次專科研究醫師訓練，提供餵食評估與生長追蹤，必要時協助轉介，週六週日皆有門診。電話06-2516086，或在此聊天室輸入「專人服務」。
Q347,孩子尿床可以先掛小兒科，由醫師做初步評估與檢查，需要進一步檢查或治療時再轉介兒童腎臟科或小兒泌尿科。立欣診所位於台南市北區育德路467號，蔡宗儒院長具馬偕兒童過敏氣喘免疫風濕科研究醫師訓練與公共衛生碩士背景，門診可就孩子的尿床頻率、白天排尿與排便狀況、喝水習慣與睡眠情形進行問診與理學檢查，並依症狀評估是否需要驗尿；院內備有全自動尿液分析儀，可做尿液常規檢查，協助評估泌尿道感染、血尿、蛋白尿等狀況。本院為健保特約小兒科與家庭醫學診所、非兒童腎臟或小兒泌尿專科，需要尿路動力學檢查、腎臟超音波或膀胱尿路逆流攝影等進一步處置時協助轉介。週六、週日皆有門診，平日設有夜間門診至 21:30。電話06-2516086，LINE @lhpedclinic。,孩子尿床可以先掛小兒科，由醫師做初步評估與檢查，需要進一步檢查或治療時再轉介兒童腎臟科或小兒泌尿科。立欣診所位於台南市北區育德路467號，蔡宗儒院長具馬偕兒童過敏氣喘免疫風濕科研究醫師訓練與公共衛生碩士背景，門診可就孩子的尿床頻率、白天排尿與排便狀況、喝水習慣與睡眠情形進行問診與理學檢查，並依症狀評估是否需要驗尿；院內備有全自動尿液分析儀，可做尿液常規檢查，協助評估泌尿道感染、血尿、蛋白尿等狀況。本院為健保特約小兒科與家庭醫學診所、非兒童腎臟或小兒泌尿專科，需要尿路動力學檢查、腎臟超音波或膀胱尿路逆流攝影等進一步處置時協助轉介。週六、週日皆有門診，平日設有夜間門診至 21:30。電話06-2516086，或在此聊天室輸入「專人服務」。
Q373,立欣診所為一般門診、非急診。孩子出現未滿 3 個月發燒、呼吸費力或發紫、抽搐、叫不醒、嚴重脫水、吐黃綠色或解黑便、皮膚有壓不退的紫紅點等情況，請直接前往急診或撥 119。急診處理後的回診追蹤、報告解說與用藥調整，可以回到門診。立欣診所位於台南市北區育德路 467 號（鄰近成大醫院、台南公園），由蔡宗儒院長與李佳玲醫師看診，平日夜診至 21:30，週六與週日皆有門診；電話 06-2516086、LINE @lhpedclinic。,立欣診所為一般門診、非急診。孩子出現未滿 3 個月發燒、呼吸費力或發紫、抽搐、叫不醒、嚴重脫水、吐黃綠色或解黑便、皮膚有壓不退的紫紅點等情況，請直接前往急診或撥 119。急診處理後的回診追蹤、報告解說與用藥調整，可以回到門診。立欣診所位於台南市北區育德路 467 號（鄰近成大醫院、台南公園），由蔡宗儒院長與李佳玲醫師看診，平日夜診至 21:30，週六與週日皆有門診；電話 06-2516086或在此聊天室輸入「專人服務」。
Q381,"立欣診所位於台南市北區育德路467號，鄰近成大醫院、台南公園，為健保特約之小兒科與家庭醫學診所，由蔡宗儒院長看診，提供兒童發燒的評估與追蹤。平日夜診至 21:30、週六與週日皆有門診，孩子傍晚或假日發燒時較容易安排就醫。可先透過 MainPI 查詢看診進度再出門。電話 06-2516086，LINE @lhpedclinic。提醒本院為門診、非急診；3 個月以下嬰兒發燒、意識改變、呼吸困難或抽搐請直接前往急診。

實際門診時間以官網 https://lhpedclinic.com.tw 公告為準，建議來電或 LINE 確認。","立欣診所位於台南市北區育德路467號，鄰近成大醫院、台南公園，為健保特約之小兒科與家庭醫學診所，由蔡宗儒院長看診，提供兒童發燒的評估與追蹤。平日夜診至 21:30、週六與週日皆有門診，孩子傍晚或假日發燒時較容易安排就醫。可先透過 MainPI 查詢看診進度再出門。電話 06-2516086，或在此聊天室輸入「專人服務」。提醒本院為門診、非急診；3 個月以下嬰兒發燒、意識改變、呼吸困難或抽搐請直接前往急診。

實際門診時間以官網 https://lhpedclinic.com.tw 公告為準，建議來電或 LINE 確認。"
Q382,"發燒是症狀不是診斷，挑選台南發燒門診時，可考量幾個客觀條件：（1）看診時段是否涵蓋夜間與假日——孩子發燒常在傍晚或週末出現；（2）醫師是否會依年齡調整評估策略，特別是 3 個月以下嬰兒發燒屬急症紅線、需要立即就醫而非門診觀察；（3）必要時能否安排客觀檢查（如流感、RSV、腺病毒等快篩）協助釐清感染來源；（4）是否會完整衛教退燒藥的成分、間隔與交替原則，而不只是開藥；（5）是否能說明需要回診或轉急診的具體警訊。立欣診所（台南市北區育德路467號）為健保特約之小兒科與家庭醫學診所，平日夜診至 21:30、週六與週日皆有門診，可先以 MainPI 查詢看診進度再出門。電話 06-2516086，LINE @lhpedclinic。本院為門診、非急診；3 個月以下嬰兒發燒、意識改變、呼吸困難或抽搐請直接前往急診或撥 119。實際就醫選擇請依個人需求與醫師面診評估。

實際門診時間以官網 https://lhpedclinic.com.tw 公告為準，建議來電或 LINE 確認。","發燒是症狀不是診斷，挑選台南發燒門診時，可考量幾個客觀條件：（1）看診時段是否涵蓋夜間與假日——孩子發燒常在傍晚或週末出現；（2）醫師是否會依年齡調整評估策略，特別是 3 個月以下嬰兒發燒屬急症紅線、需要立即就醫而非門診觀察；（3）必要時能否安排客觀檢查（如流感、RSV、腺病毒等快篩）協助釐清感染來源；（4）是否會完整衛教退燒藥的成分、間隔與交替原則，而不只是開藥；（5）是否能說明需要回診或轉急診的具體警訊。立欣診所（台南市北區育德路467號）為健保特約之小兒科與家庭醫學診所，平日夜診至 21:30、週六與週日皆有門診，可先以 MainPI 查詢看診進度再出門。電話 06-2516086，或在此聊天室輸入「專人服務」。本院為門診、非急診；3 個月以下嬰兒發燒、意識改變、呼吸困難或抽搐請直接前往急診或撥 119。實際就醫選擇請依個人需求與醫師面診評估。

實際門診時間以官網 https://lhpedclinic.com.tw 公告為準，建議來電或 LINE 確認。"
Q383,以年齡分流即可：兒童與嬰幼兒發燒由小兒科評估，成人發燒由家庭醫學門診評估。立欣診所（台南市北區育德路467號）兩者皆為健保特約項目，同一院所可照顧全家人的急性發燒，平日夜診至 21:30、週六與週日皆有門診。成人發燒若合併高燒不退、意識改變、呼吸困難、胸痛、頸部僵硬、皮膚出現不會褪色的出血點，或本身有免疫功能低下、正在接受化學治療等情況，請儘速就醫或逕赴急診。門診可視症狀與流行狀況，由醫師評估是否安排流感等快篩。電話 06-2516086，LINE @lhpedclinic。本院為門診、非急診，危急狀況請撥 119 或逕赴急診。,以年齡分流即可：兒童與嬰幼兒發燒由小兒科評估，成人發燒由家庭醫學門診評估。立欣診所（台南市北區育德路467號）兩者皆為健保特約項目，同一院所可照顧全家人的急性發燒，平日夜診至 21:30、週六與週日皆有門診。成人發燒若合併高燒不退、意識改變、呼吸困難、胸痛、頸部僵硬、皮膚出現不會褪色的出血點，或本身有免疫功能低下、正在接受化學治療等情況，請儘速就醫或逕赴急診。門診可視症狀與流行狀況，由醫師評估是否安排流感等快篩。電話 06-2516086，或在此聊天室輸入「專人服務」。本院為門診、非急診，危急狀況請撥 119 或逕赴急診。
Q393,立欣診所位於台南市北區育德路467號，由蔡宗儒院長與李佳玲醫師看診，提供兒童一般門診與公費兒童發展篩檢。發展篩檢施測時間為週二至週五上午09:00–11:30、下午14:30–16:00，週一僅下午14:30–16:00（國定假日不施測），與一般門診使用同一套網路預約系統，每個時段只安排1位兒童，當天請帶健保卡與兒童健康手冊。孩子的語言想找人看一下，不必等到下一次篩檢時程，一般門診也可以先談。電話06-2516086，LINE @lhpedclinic。本院為一般門診、非急診。,立欣診所位於台南市北區育德路467號，由蔡宗儒院長與李佳玲醫師看診，提供兒童一般門診與公費兒童發展篩檢。發展篩檢施測時間為週二至週五上午09:00–11:30、下午14:30–16:00，週一僅下午14:30–16:00（國定假日不施測），與一般門診使用同一套網路預約系統，每個時段只安排1位兒童，當天請帶健保卡與兒童健康手冊。孩子的語言想找人看一下，不必等到下一次篩檢時程，一般門診也可以先談。電話06-2516086，或在此聊天室輸入「專人服務」。本院為一般門診、非急診。
Q399,立欣診所位於台南市北區育德路467號，蔡宗儒院長具台北馬偕兒童過敏氣喘免疫風濕科研究醫師訓練，可協助評估兒童蕁麻疹的原因與型態，必要時安排過敏原檢測（自費，依醫師評估）並協助判讀。平日有夜診、週六與週日皆有門診。電話06-2516086，LINE @lhpedclinic。診所為健保特約、非急診；若出現呼吸困難等嚴重過敏反應請直接前往急診。,立欣診所位於台南市北區育德路467號，蔡宗儒院長具台北馬偕兒童過敏氣喘免疫風濕科研究醫師訓練，可協助評估兒童蕁麻疹的原因與型態，必要時安排過敏原檢測（自費，依醫師評估）並協助判讀。平日有夜診、週六與週日皆有門診。電話06-2516086，或在此聊天室輸入「專人服務」。診所為健保特約、非急診；若出現呼吸困難等嚴重過敏反應請直接前往急診。
Q412,立欣診所位於台南市北區育德路467號，蔡宗儒院長具馬偕兒童過敏氣喘免疫風濕科研究醫師訓練與公共衛生碩士背景，門診可就孩子的發燒病程與排尿症狀進行問診與理學檢查，並依症狀評估是否需要驗尿；院內備有全自動尿液分析儀，可做尿液常規檢查，協助評估泌尿道感染、血尿與蛋白尿等狀況，必要時安排尿液細菌培養。本院為健保特約小兒科與家庭醫學診所、非兒童腎臟或小兒泌尿專科，需要導尿採檢、住院靜脈抗生素或影像檢查時協助轉介。週六、週日皆有門診，平日設有夜間門診至 21:30。電話06-2516086，LINE @lhpedclinic。,立欣診所位於台南市北區育德路467號，蔡宗儒院長具馬偕兒童過敏氣喘免疫風濕科研究醫師訓練與公共衛生碩士背景，門診可就孩子的發燒病程與排尿症狀進行問診與理學檢查，並依症狀評估是否需要驗尿；院內備有全自動尿液分析儀，可做尿液常規檢查，協助評估泌尿道感染、血尿與蛋白尿等狀況，必要時安排尿液細菌培養。本院為健保特約小兒科與家庭醫學診所、非兒童腎臟或小兒泌尿專科，需要導尿採檢、住院靜脈抗生素或影像檢查時協助轉介。週六、週日皆有門診，平日設有夜間門診至 21:30。電話06-2516086，或在此聊天室輸入「專人服務」。
Q418,立欣診所位於台南市北區育德路467號，由具台北馬偕兒童過敏氣喘免疫風濕科研究醫師訓練的蔡宗儒院長看診，院內備肺功能檢測儀並提供自費過敏原檢測，協助評估孩子反覆喘鳴、夜咳與氣喘並擬定控制計畫。平日夜診至21:30、週六週日皆有門診。電話06-2516086，LINE @lhpedclinic。提醒：若有發紫、嚴重費力等危險徵象請直接急診或撥119。,立欣診所位於台南市北區育德路467號，由具台北馬偕兒童過敏氣喘免疫風濕科研究醫師訓練的蔡宗儒院長看診，院內備肺功能檢測儀並提供自費過敏原檢測，協助評估孩子反覆喘鳴、夜咳與氣喘並擬定控制計畫。平日夜診至21:30、週六週日皆有門診。電話06-2516086，或在此聊天室輸入「專人服務」。提醒：若有發紫、嚴重費力等危險徵象請直接急診或撥119。
Q426,立欣診所位於台南市北區育德路467號，蔡宗儒院長為台灣肥胖醫學會醫師，從兒童成長與肥胖醫學角度協助評估孩子的生長曲線與體位、提供家庭可執行的飲食與生活型態調整建議，並視需要安排進一步評估。電話06-2516086，LINE @lhpedclinic。,立欣診所位於台南市北區育德路467號，蔡宗儒院長為台灣肥胖醫學會醫師，從兒童成長與肥胖醫學角度協助評估孩子的生長曲線與體位、提供家庭可執行的飲食與生活型態調整建議，並視需要安排進一步評估。電話06-2516086，或在此聊天室輸入「專人服務」。
Q437,立欣診所位於台南市北區育德路467號，由蔡宗儒院長與李佳玲醫師看診，提供兒童與成人一般門診。孩子感冒的照護方式、家裡已經在吃的補充品要不要繼續、要不要調整劑量，都可以在門診一起討論，建議把產品瓶身拍照帶來。平日夜診至21:30，週六與週日皆有門診，電話06-2516086，LINE @lhpedclinic。本院為一般門診、非急診；孩子出現呼吸困難、抽搐、意識改變或活力明顯變差，請直接告知櫃檯由護理人員先行評估，情況危急請撥打119 或前往鄰近急診。,立欣診所位於台南市北區育德路467號，由蔡宗儒院長與李佳玲醫師看診，提供兒童與成人一般門診。孩子感冒的照護方式、家裡已經在吃的補充品要不要繼續、要不要調整劑量，都可以在門診一起討論，建議把產品瓶身拍照帶來。平日夜診至21:30，週六與週日皆有門診，電話06-2516086，或在此聊天室輸入「專人服務」。本院為一般門診、非急診；孩子出現呼吸困難、抽搐、意識改變或活力明顯變差，請直接告知櫃檯由護理人員先行評估，情況危急請撥打119 或前往鄰近急診。
Q445,立欣診所位於台南市北區育德路 467 號（鄰近成大醫院、台南公園），為健保特約小兒科與家庭醫學診所，提供兒童與成人的感冒、發燒與呼吸道症狀評估。若有疑似新冠症狀想諮詢或就診，可於門診時間前來，平日設有夜間門診至 21:30，週六與週日皆有門診；就診前可先來電 06-2516086 或洽 LINE @lhpedclinic。診所為一般門診、非急診，出現危險徵象請直接就醫或撥打 119。,立欣診所位於台南市北區育德路 467 號（鄰近成大醫院、台南公園），為健保特約小兒科與家庭醫學診所，提供兒童與成人的感冒、發燒與呼吸道症狀評估。若有疑似新冠症狀想諮詢或就診，可於門診時間前來，平日設有夜間門診至 21:30，週六與週日皆有門診；就診前可先來電 06-2516086 或在此聊天室輸入「專人服務」。診所為一般門診、非急診，出現危險徵象請直接就醫或撥打 119。
Q453,立欣診所位於台南市北區育德路 467 號（鄰近成大醫院、台南公園），為健保特約小兒科與家庭醫學診所，由蔡宗儒院長與李佳玲醫師看診，提供兒童呼吸道感染、咳嗽與喘鳴的門診評估。平日夜診至 21:30，週六與週日皆有門診，孩子傍晚或假日開始咳得不對勁時也有地方可以去；電話 06-2516086、LINE @lhpedclinic。科別分流：兒童的犬吠咳與喘鳴屬一般門診評估範圍，看小兒科即可，不需先掛耳鼻喉科或感染科。是否需要進一步檢查由醫師依孩子的年齡、病程與理學檢查判斷。本院為一般門診、非急診；孩子在安靜時仍有喘鳴、呼吸費力、嘴唇發紫或意識改變，請直接前往急診或撥 119。,立欣診所位於台南市北區育德路 467 號（鄰近成大醫院、台南公園），為健保特約小兒科與家庭醫學診所，由蔡宗儒院長與李佳玲醫師看診，提供兒童呼吸道感染、咳嗽與喘鳴的門診評估。平日夜診至 21:30，週六與週日皆有門診，孩子傍晚或假日開始咳得不對勁時也有地方可以去；電話 06-2516086或在此聊天室輸入「專人服務」。科別分流：兒童的犬吠咳與喘鳴屬一般門診評估範圍，看小兒科即可，不需先掛耳鼻喉科或感染科。是否需要進一步檢查由醫師依孩子的年齡、病程與理學檢查判斷。本院為一般門診、非急診；孩子在安靜時仍有喘鳴、呼吸費力、嘴唇發紫或意識改變，請直接前往急診或撥 119。
Q461,立欣診所位於台南市北區育德路467號，為健保特約之小兒科與家庭醫學診所，由蔡宗儒院長看診，提供成人血糖、糖化血色素等抽血檢查，以及糖尿病、高血壓、高血脂等慢性病的長期追蹤與飲食、生活型態衛教，必要時協助轉介。血糖偏高、有家族史或糖尿病前期，建議定期追蹤。平日夜診至21:30、週六週日皆有門診。電話06-2516086，LINE @lhpedclinic。本院為門診、非急診。,立欣診所位於台南市北區育德路467號，為健保特約之小兒科與家庭醫學診所，由蔡宗儒院長看診，提供成人血糖、糖化血色素等抽血檢查，以及糖尿病、高血壓、高血脂等慢性病的長期追蹤與飲食、生活型態衛教，必要時協助轉介。血糖偏高、有家族史或糖尿病前期，建議定期追蹤。平日夜診至21:30、週六週日皆有門診。電話06-2516086，或在此聊天室輸入「專人服務」。本院為門診、非急診。
Q476,立欣診所位於台南市北區育德路467號，由蔡宗儒院長與李佳玲醫師看診，平日門診至21:30，週六、週日皆有門診，腸病毒流行期假日也能就醫。電話06-2516086，LINE @lhpedclinic。,立欣診所位於台南市北區育德路467號，由蔡宗儒院長與李佳玲醫師看診，平日門診至21:30，週六、週日皆有門診，腸病毒流行期假日也能就醫。電話06-2516086，或在此聊天室輸入「專人服務」。
Q485,"立欣診所位於台南市北區育德路467號，為健保特約之小兒科與家庭醫學診所，由蔡宗儒院長看診，提供兒童公費與自費疫苗接種（含腸病毒71型疫苗恩穩健等）。腸病毒71型疫苗屬自費疫苗，適用對象為2個月以上、未滿6歲幼兒、依仿單接種2劑，適用對象、劑數與現貨依原廠仿單與醫師評估，品項會變動，接種前請先來電06-2516086或LINE @lhpedclinic確認當日庫存與適合的接種時間。平日夜診至21:30、週六週日皆有門診。提醒本診所非急診。

接種提醒：適用對象與劑次依原廠仿單記載，由醫師評估；現貨與到貨情形請先來電或 LINE 確認。發燒或急性疾病期應暫緩接種，有禁忌者不接種。","立欣診所位於台南市北區育德路467號，為健保特約之小兒科與家庭醫學診所，由蔡宗儒院長看診，提供兒童公費與自費疫苗接種（含腸病毒71型疫苗恩穩健等）。腸病毒71型疫苗屬自費疫苗，適用對象為2個月以上、未滿6歲幼兒、依仿單接種2劑，適用對象、劑數與現貨依原廠仿單與醫師評估，品項會變動，接種前請先來電06-2516086或在此聊天室輸入「專人服務」確認當日庫存與適合的接種時間。平日夜診至21:30、週六週日皆有門診。提醒本診所非急診。

接種提醒：適用對象與劑次依原廠仿單記載，由醫師評估；現貨與到貨情形請先來電或 LINE 確認。發燒或急性疾病期應暫緩接種，有禁忌者不接種。"
Q486,"腸病毒71型疫苗（如恩穩健 ENVACGEN）的基礎接種為2劑、兩劑間隔約2個月（56天）。依原廠仿單，接種第一劑（基礎劑）時未滿2歲的幼兒，建議於第一劑後滿一年再接種1劑追加劑；若滿2歲後才開始接種基礎劑，則通常不需追加劑。實際是否需要追加、追加時機如何安排，以最新核定仿單為準，並請由醫師依孩子的接種年齡與健康狀況評估。接種前也可先來電06-2516086或LINE @lhpedclinic確認現貨與適合的接種時間。

接種提醒：適用對象與劑次依原廠仿單記載，由醫師評估；現貨與到貨情形請先來電或 LINE 確認。發燒或急性疾病期應暫緩接種，有禁忌者不接種。","腸病毒71型疫苗（如恩穩健 ENVACGEN）的基礎接種為2劑、兩劑間隔約2個月（56天）。依原廠仿單，接種第一劑（基礎劑）時未滿2歲的幼兒，建議於第一劑後滿一年再接種1劑追加劑；若滿2歲後才開始接種基礎劑，則通常不需追加劑。實際是否需要追加、追加時機如何安排，以最新核定仿單為準，並請由醫師依孩子的接種年齡與健康狀況評估。接種前也可先來電06-2516086或在此聊天室輸入「專人服務」確認現貨與適合的接種時間。

接種提醒：適用對象與劑次依原廠仿單記載，由醫師評估；現貨與到貨情形請先來電或 LINE 確認。發燒或急性疾病期應暫緩接種，有禁忌者不接種。"
Q487,"2個月至未滿6歲的幼兒正在接種多項常規疫苗，家長常會問腸病毒71型疫苗（如恩穩健）能否與其他疫苗同時或近期接種。是否可於同次分開部位接種、或需與其他疫苗間隔一段時間，會依疫苗種類、孩子當次的接種安排與健康狀況而不同，一律以最新核定仿單為準，並由醫師於接種前評估後安排。就診時請主動出示兒童健康手冊、告知近期已接種或準備接種的疫苗，讓醫師協助規劃整體接種時程。現貨品項會變動，接種前請先來電06-2516086或LINE @lhpedclinic確認。

接種提醒：適用對象與劑次依原廠仿單記載，由醫師評估；現貨與到貨情形請先來電或 LINE 確認。發燒或急性疾病期應暫緩接種，有禁忌者不接種。","2個月至未滿6歲的幼兒正在接種多項常規疫苗，家長常會問腸病毒71型疫苗（如恩穩健）能否與其他疫苗同時或近期接種。是否可於同次分開部位接種、或需與其他疫苗間隔一段時間，會依疫苗種類、孩子當次的接種安排與健康狀況而不同，一律以最新核定仿單為準，並由醫師於接種前評估後安排。就診時請主動出示兒童健康手冊、告知近期已接種或準備接種的疫苗，讓醫師協助規劃整體接種時程。現貨品項會變動，接種前請先來電06-2516086或在此聊天室輸入「專人服務」確認。

接種提醒：適用對象與劑次依原廠仿單記載，由醫師評估；現貨與到貨情形請先來電或 LINE 確認。發燒或急性疾病期應暫緩接種，有禁忌者不接種。"
Q496,立欣診所位於台南市北區育德路467號，由蔡宗儒院長與李佳玲醫師看診，提供兒童發燒、出疹與感染症的門診評估。傳染性紅斑多半可由臉頰與四肢紅疹的型態做臨床判斷，是否需要安排抽血檢驗，由醫師依孩子的病況與有無慢性貧血、免疫問題判斷。平日門診至21:30，週六、週日皆有門診。電話06-2516086，LINE @lhpedclinic。本院為一般門診、非急診。,立欣診所位於台南市北區育德路467號，由蔡宗儒院長與李佳玲醫師看診，提供兒童發燒、出疹與感染症的門診評估。傳染性紅斑多半可由臉頰與四肢紅疹的型態做臨床判斷，是否需要安排抽血檢驗，由醫師依孩子的病況與有無慢性貧血、免疫問題判斷。平日門診至21:30，週六、週日皆有門診。電話06-2516086，或在此聊天室輸入「專人服務」。本院為一般門診、非急診。
Q506,立欣診所位於台南市北區育德路467號，鄰近成大醫院、台南公園，為健保特約之小兒科與家庭醫學診所，由蔡宗儒院長看診，提供兒童與成人類流感症狀的評估、必要檢驗與用藥評估，並備有公費及自費抗流感病毒藥物；自費品項包含克流感（Tamiflu）、紓伏效（Xofluza）與瑞貝塔（Rapiacta），由醫師評估後供民眾選擇使用。平日夜診至 21:30、週六與週日皆有門診，可先用 MainPI 查詢看診進度再出門。電話 06-2516086，LINE @lhpedclinic；藥品現貨請先來電確認。本院為門診、非急診，出現呼吸困難、發紺、意識改變等危險徵兆請直接前往急診或撥 119。,立欣診所位於台南市北區育德路467號，鄰近成大醫院、台南公園，為健保特約之小兒科與家庭醫學診所，由蔡宗儒院長看診，提供兒童與成人類流感症狀的評估、必要檢驗與用藥評估，並備有公費及自費抗流感病毒藥物；自費品項包含克流感（Tamiflu）、紓伏效（Xofluza）與瑞貝塔（Rapiacta），由醫師評估後供民眾選擇使用。平日夜診至 21:30、週六與週日皆有門診，可先用 MainPI 查詢看診進度再出門。電話 06-2516086，或在此聊天室輸入「專人服務」；藥品現貨請先來電確認。本院為門診、非急診，出現呼吸困難、發紺、意識改變等危險徵兆請直接前往急診或撥 119。
Q507,"大多數可以，雞蛋培養或細胞培養的流感疫苗都可以。流感疫苗殘留的蛋蛋白非常微量；美國預防接種諮詢委員會（ACIP）回顧 31 篇研究後，2023 年起說明不論蛋過敏多嚴重，都可以接種任何適合年齡的流感疫苗。台灣疾管署現行說明方向相同：大部分蛋過敏者可以接種、不需先做皮膚測試；已知對蛋的蛋白質有嚴重過敏者，建議在門診或住院環境由熟悉處理過敏症狀的醫事人員接種，並於接種後觀察 30 分鐘。曾因吃蛋發生呼吸困難、臉部腫脹等嚴重反應的孩子，接種前請先告訴醫師。疫苗適用對象、劑數與禁忌依原廠仿單並由醫師評估；自費品項現貨會變動，接種前請先來電 06-2516086 或 LINE @lhpedclinic 確認；每日最後一診結束前 1 小時停止疫苗施打：週一至週五 20:30、週六 17:00、週日 20:00。本院為門診、非急診。

接種提醒：適用對象與劑次依原廠仿單記載，由醫師評估；現貨與到貨情形請先來電或 LINE 確認。發燒或急性疾病期應暫緩接種，有禁忌者不接種。","大多數可以，雞蛋培養或細胞培養的流感疫苗都可以。流感疫苗殘留的蛋蛋白非常微量；美國預防接種諮詢委員會（ACIP）回顧 31 篇研究後，2023 年起說明不論蛋過敏多嚴重，都可以接種任何適合年齡的流感疫苗。台灣疾管署現行說明方向相同：大部分蛋過敏者可以接種、不需先做皮膚測試；已知對蛋的蛋白質有嚴重過敏者，建議在門診或住院環境由熟悉處理過敏症狀的醫事人員接種，並於接種後觀察 30 分鐘。曾因吃蛋發生呼吸困難、臉部腫脹等嚴重反應的孩子，接種前請先告訴醫師。疫苗適用對象、劑數與禁忌依原廠仿單並由醫師評估；自費品項現貨會變動，接種前請先來電 06-2516086 或在此聊天室輸入「專人服務」確認；每日最後一診結束前 1 小時停止疫苗施打：週一至週五 20:30、週六 17:00、週日 20:00。本院為門診、非急診。

接種提醒：適用對象與劑次依原廠仿單記載，由醫師評估；現貨與到貨情形請先來電或 LINE 確認。發燒或急性疾病期應暫緩接種，有禁忌者不接種。"
Q508,"可以，大多數蛋過敏的孩子可以接種雞蛋培養的流感疫苗。雞蛋培養疫苗殘留的蛋蛋白非常微量；美國預防接種諮詢委員會（ACIP）回顧 31 篇研究，即使曾對蛋發生全身性過敏反應的人，接種後也沒有看到嚴重過敏、住院或死亡的風險增加，因此自 2023 年起說明蛋過敏者可以接種任何適合年齡的流感疫苗，雞蛋培養的也可以。台灣疾管署現行說明：大部分蛋過敏者可以接種、不需先做皮膚測試；已知對蛋的蛋白質有嚴重過敏者，建議在門診或住院環境由熟悉處理過敏症狀的醫事人員接種，並於接種後觀察 30 分鐘。曾因吃蛋出現呼吸困難、嘴唇或臉部腫脹、全身蕁麻疹的孩子，接種前請先告訴醫師。疫苗適用對象、劑數與禁忌依原廠仿單並由醫師評估；自費品項現貨會變動，接種前請先來電 06-2516086 或 LINE @lhpedclinic 確認；每日最後一診結束前 1 小時停止疫苗施打：週一至週五 20:30、週六 17:00、週日 20:00。本院為門診、非急診。

接種提醒：適用對象與劑次依原廠仿單記載，由醫師評估；現貨與到貨情形請先來電或 LINE 確認。發燒或急性疾病期應暫緩接種，有禁忌者不接種。","可以，大多數蛋過敏的孩子可以接種雞蛋培養的流感疫苗。雞蛋培養疫苗殘留的蛋蛋白非常微量；美國預防接種諮詢委員會（ACIP）回顧 31 篇研究，即使曾對蛋發生全身性過敏反應的人，接種後也沒有看到嚴重過敏、住院或死亡的風險增加，因此自 2023 年起說明蛋過敏者可以接種任何適合年齡的流感疫苗，雞蛋培養的也可以。台灣疾管署現行說明：大部分蛋過敏者可以接種、不需先做皮膚測試；已知對蛋的蛋白質有嚴重過敏者，建議在門診或住院環境由熟悉處理過敏症狀的醫事人員接種，並於接種後觀察 30 分鐘。曾因吃蛋出現呼吸困難、嘴唇或臉部腫脹、全身蕁麻疹的孩子，接種前請先告訴醫師。疫苗適用對象、劑數與禁忌依原廠仿單並由醫師評估；自費品項現貨會變動，接種前請先來電 06-2516086 或在此聊天室輸入「專人服務」確認；每日最後一診結束前 1 小時停止疫苗施打：週一至週五 20:30、週六 17:00、週日 20:00。本院為門診、非急診。

接種提醒：適用對象與劑次依原廠仿單記載，由醫師評估；現貨與到貨情形請先來電或 LINE 確認。發燒或急性疾病期應暫緩接種，有禁忌者不接種。"
Q509,"不一定。蛋過敏不是非選細胞培養型不可的理由，依 ACIP 2023 年起的說明，蛋過敏者可以接種任何適合年齡的流感疫苗；台灣疾管署則建議對蛋嚴重過敏者在門診或住院環境、由熟悉處理過敏症狀的醫事人員接種並觀察 30 分鐘。接種前請把孩子過去對蛋的反應告訴醫師，由醫師依原廠仿單評估適合的品項。疫苗適用對象、劑數與禁忌依原廠仿單並由醫師評估；自費品項現貨會變動，接種前請先來電 06-2516086 或 LINE @lhpedclinic 確認；每日最後一診結束前 1 小時停止疫苗施打：週一至週五 20:30、週六 17:00、週日 20:00。本院為門診、非急診。

接種提醒：適用對象與劑次依原廠仿單記載，由醫師評估；現貨與到貨情形請先來電或 LINE 確認。發燒或急性疾病期應暫緩接種，有禁忌者不接種。","不一定。蛋過敏不是非選細胞培養型不可的理由，依 ACIP 2023 年起的說明，蛋過敏者可以接種任何適合年齡的流感疫苗；台灣疾管署則建議對蛋嚴重過敏者在門診或住院環境、由熟悉處理過敏症狀的醫事人員接種並觀察 30 分鐘。接種前請把孩子過去對蛋的反應告訴醫師，由醫師依原廠仿單評估適合的品項。疫苗適用對象、劑數與禁忌依原廠仿單並由醫師評估；自費品項現貨會變動，接種前請先來電 06-2516086 或在此聊天室輸入「專人服務」確認；每日最後一診結束前 1 小時停止疫苗施打：週一至週五 20:30、週六 17:00、週日 20:00。本院為門診、非急診。

接種提醒：適用對象與劑次依原廠仿單記載，由醫師評估；現貨與到貨情形請先來電或 LINE 確認。發燒或急性疾病期應暫緩接種，有禁忌者不接種。"
Q510,"兩者都是不活化流感疫苗、經肌肉注射，差別在病毒養在哪裡。雞蛋培養是把病毒株放進受精雞蛋裡繁殖，是行之多年的傳統製程；細胞培養改用實驗室培養的動物細胞（犬腎細胞株 MDCK），不經過雞蛋，病毒比較不會因為適應雞蛋而改變表面構造。台灣目前的細胞培養流感疫苗是輔流威護（Flucelvax），仿單適用滿 6 個月以上，屬自費品項。疫苗適用對象、劑數與禁忌依原廠仿單並由醫師評估；自費品項現貨會變動，接種前請先來電 06-2516086 或 LINE @lhpedclinic 確認；每日最後一診結束前 1 小時停止疫苗施打：週一至週五 20:30、週六 17:00、週日 20:00。本院為門診、非急診。

接種提醒：適用對象與劑次依原廠仿單記載，由醫師評估；現貨與到貨情形請先來電或 LINE 確認。發燒或急性疾病期應暫緩接種，有禁忌者不接種。","兩者都是不活化流感疫苗、經肌肉注射，差別在病毒養在哪裡。雞蛋培養是把病毒株放進受精雞蛋裡繁殖，是行之多年的傳統製程；細胞培養改用實驗室培養的動物細胞（犬腎細胞株 MDCK），不經過雞蛋，病毒比較不會因為適應雞蛋而改變表面構造。台灣目前的細胞培養流感疫苗是輔流威護（Flucelvax），仿單適用滿 6 個月以上，屬自費品項。疫苗適用對象、劑數與禁忌依原廠仿單並由醫師評估；自費品項現貨會變動，接種前請先來電 06-2516086 或在此聊天室輸入「專人服務」確認；每日最後一診結束前 1 小時停止疫苗施打：週一至週五 20:30、週六 17:00、週日 20:00。本院為門診、非急診。

接種提醒：適用對象與劑次依原廠仿單記載，由醫師評估；現貨與到貨情形請先來電或 LINE 確認。發燒或急性疾病期應暫緩接種，有禁忌者不接種。"
Q514,"台灣目前的細胞培養流感疫苗輔流威護（Flucelvax）仿單適用滿 6 個月以上。未滿 9 歲的孩子本流感季要打 1 劑或 2 劑，依年齡與過去接種紀錄判定，需要 2 劑者間隔 4 週以上。公費流感疫苗的品牌由政府配發、民眾不指定；本院的細胞培養品項屬自費。疫苗適用對象、劑數與禁忌依原廠仿單並由醫師評估；自費品項現貨會變動，接種前請先來電 06-2516086 或 LINE @lhpedclinic 確認；每日最後一診結束前 1 小時停止疫苗施打：週一至週五 20:30、週六 17:00、週日 20:00。本院為門診、非急診。

接種提醒：適用對象與劑次依原廠仿單記載，由醫師評估；現貨與到貨情形請先來電或 LINE 確認。發燒或急性疾病期應暫緩接種，有禁忌者不接種。","台灣目前的細胞培養流感疫苗輔流威護（Flucelvax）仿單適用滿 6 個月以上。未滿 9 歲的孩子本流感季要打 1 劑或 2 劑，依年齡與過去接種紀錄判定，需要 2 劑者間隔 4 週以上。公費流感疫苗的品牌由政府配發、民眾不指定；本院的細胞培養品項屬自費。疫苗適用對象、劑數與禁忌依原廠仿單並由醫師評估；自費品項現貨會變動，接種前請先來電 06-2516086 或在此聊天室輸入「專人服務」確認；每日最後一診結束前 1 小時停止疫苗施打：週一至週五 20:30、週六 17:00、週日 20:00。本院為門診、非急診。

接種提醒：適用對象與劑次依原廠仿單記載，由醫師評估；現貨與到貨情形請先來電或 LINE 確認。發燒或急性疾病期應暫緩接種，有禁忌者不接種。"
Q515,"立欣診所位於台南市北區育德路 467 號，鄰近成大醫院、台南公園，為健保特約之小兒科與家庭醫學診所，提供公費與自費流感疫苗接種，自費品項包含細胞培養流感疫苗。平日夜診至 21:30，週六、週日皆有門診。本院不以疫苗品牌招攬，接種品項由醫師完整評估後依適用對象決定。疫苗適用對象、劑數與禁忌依原廠仿單並由醫師評估；自費品項現貨會變動，接種前請先來電 06-2516086 或 LINE @lhpedclinic 確認；每日最後一診結束前 1 小時停止疫苗施打：週一至週五 20:30、週六 17:00、週日 20:00。本院為門診、非急診。

接種提醒：適用對象與劑次依原廠仿單記載，由醫師評估；現貨與到貨情形請先來電或 LINE 確認。發燒或急性疾病期應暫緩接種，有禁忌者不接種。","立欣診所位於台南市北區育德路 467 號，鄰近成大醫院、台南公園，為健保特約之小兒科與家庭醫學診所，提供公費與自費流感疫苗接種，自費品項包含細胞培養流感疫苗。平日夜診至 21:30，週六、週日皆有門診。本院不以疫苗品牌招攬，接種品項由醫師完整評估後依適用對象決定。疫苗適用對象、劑數與禁忌依原廠仿單並由醫師評估；自費品項現貨會變動，接種前請先來電 06-2516086 或在此聊天室輸入「專人服務」確認；每日最後一診結束前 1 小時停止疫苗施打：週一至週五 20:30、週六 17:00、週日 20:00。本院為門診、非急診。

接種提醒：適用對象與劑次依原廠仿單記載，由醫師評估；現貨與到貨情形請先來電或 LINE 確認。發燒或急性疾病期應暫緩接種，有禁忌者不接種。"
Q523,"發燒或正患有急性中重度疾病者，宜待病情穩定後再接種；曾對疫苗成分或前次接種發生嚴重過敏反應者不宜接種。其他個別狀況（如免疫功能低下、正在使用特定藥物、有特殊病史）請於接種前告知醫師，由醫師依原廠仿單與個別狀況評估。自費疫苗的品項、適用年齡與現貨會變動，接種前請來電 06-2516086 或 LINE @lhpedclinic 確認當日庫存；每日最後一診結束前 1 小時停止疫苗施打：週一至週五 20:30、週六 17:00、週日 20:00。

接種提醒：適用對象與劑次依原廠仿單記載，由醫師評估；現貨與到貨情形請先來電或 LINE 確認。發燒或急性疾病期應暫緩接種，有禁忌者不接種。","發燒或正患有急性中重度疾病者，宜待病情穩定後再接種；曾對疫苗成分或前次接種發生嚴重過敏反應者不宜接種。其他個別狀況（如免疫功能低下、正在使用特定藥物、有特殊病史）請於接種前告知醫師，由醫師依原廠仿單與個別狀況評估。自費疫苗的品項、適用年齡與現貨會變動，接種前請來電 06-2516086 或在此聊天室輸入「專人服務」確認當日庫存；每日最後一診結束前 1 小時停止疫苗施打：週一至週五 20:30、週六 17:00、週日 20:00。

接種提醒：適用對象與劑次依原廠仿單記載，由醫師評估；現貨與到貨情形請先來電或 LINE 確認。發燒或急性疾病期應暫緩接種，有禁忌者不接種。"
Q524,"立欣診所位於台南市北區育德路 467 號，鄰近成大醫院、台南公園，為健保特約之小兒科與家庭醫學診所，提供公費與自費流感疫苗接種，幼兒、學生、成人與長者皆可評估。平日夜診至 21:30、週六與週日皆有門診，方便上班族與家長帶孩子接種。接種前建議先來電 06-2516086 或 LINE @lhpedclinic 確認當日疫苗庫存與適用對象。本院為門診、非急診。

接種提醒：適用對象與劑次依原廠仿單記載，由醫師評估；現貨與到貨情形請先來電或 LINE 確認。發燒或急性疾病期應暫緩接種，有禁忌者不接種。","立欣診所位於台南市北區育德路 467 號，鄰近成大醫院、台南公園，為健保特約之小兒科與家庭醫學診所，提供公費與自費流感疫苗接種，幼兒、學生、成人與長者皆可評估。平日夜診至 21:30、週六與週日皆有門診，方便上班族與家長帶孩子接種。接種前建議先來電 06-2516086 或在此聊天室輸入「專人服務」確認當日疫苗庫存與適用對象。本院為門診、非急診。

接種提醒：適用對象與劑次依原廠仿單記載，由醫師評估；現貨與到貨情形請先來電或 LINE 確認。發燒或急性疾病期應暫緩接種，有禁忌者不接種。"
Q525,"預約與現場候診並行，三種方式都可以：①網路時段預約（https://lhpedclinic.booknow.com.tw/），每 30 分鐘一個時段、每日 00:00 釋出第 14 天的時段，須於該時段開始 4 小時前完成；②門診時間來電 06-2516086 或 LINE @lhpedclinic，由櫃檯人員代為操作同一套系統；③未預約者可直接到診於櫃檯抽現場號，現場掛號受理時間為早診 08:00、午診 14:30、晚診 18:00。當天請攜帶健保卡；國小到高中職學生欲施打公費流感疫苗，需持學校開立之補接種通知單及健保卡才可以施打，缺一不可。未滿 9 歲的孩子請一併帶兒童健康手冊（黃卡），因為本流感季要接種 1 劑或 2 劑需依過去接種紀錄判定。提醒每日最後一診結束前 1 小時停止疫苗施打：週一至週五 20:30、週六 17:00、週日 20:00，欲接種請提早到院。自費品項的現貨會變動，接種前建議先來電 06-2516086 或 LINE @lhpedclinic 確認當日庫存；適用對象、劑量與禁忌依原廠仿單記載並由醫師評估，發燒或患有急性中重度疾病時建議待病情穩定後再接種。

實際門診時間以官網 https://lhpedclinic.com.tw 公告為準，建議來電或 LINE 確認。","預約與現場候診並行，三種方式都可以：①網路時段預約（https://lhpedclinic.booknow.com.tw/），每 30 分鐘一個時段、每日 00:00 釋出第 14 天的時段，須於該時段開始 4 小時前完成；②門診時間來電 06-2516086 或在此聊天室輸入「專人服務」，由櫃檯人員代為操作同一套系統；③未預約者可直接到診於櫃檯抽現場號，現場掛號受理時間為早診 08:00、午診 14:30、晚診 18:00。當天請攜帶健保卡；國小到高中職學生欲施打公費流感疫苗，需持學校開立之補接種通知單及健保卡才可以施打，缺一不可。未滿 9 歲的孩子請一併帶兒童健康手冊（黃卡），因為本流感季要接種 1 劑或 2 劑需依過去接種紀錄判定。提醒每日最後一診結束前 1 小時停止疫苗施打：週一至週五 20:30、週六 17:00、週日 20:00，欲接種請提早到院。自費品項的現貨會變動，接種前建議先來電 06-2516086 或在此聊天室輸入「專人服務」確認當日庫存；適用對象、劑量與禁忌依原廠仿單記載並由醫師評估，發燒或患有急性中重度疾病時建議待病情穩定後再接種。

實際門診時間以官網 https://lhpedclinic.com.tw 公告為準，建議來電或 LINE 確認。"
Q526,接種流感疫苗不需要特別掛某一個科別，一般由小兒科或家庭醫學科門診評估後接種即可：孩子可掛小兒科，成人與長者可掛家庭醫學科，立欣診所（台南市北區育德路 467 號）兩者皆有門診，平日夜診至 21:30、週六與週日皆有門診。接種疫苗屬預防保健、不是急症，不需要掛急診；本院為門診、非急診，若出現呼吸困難、意識改變等危急狀況請直接撥打 119 或前往鄰近急診。是否適合接種、要打幾劑與有無禁忌，依原廠仿單記載並由醫師評估；發燒或患有急性中重度疾病時建議待病情穩定後再接種，曾對疫苗成分或前一劑發生嚴重過敏反應者不宜接種。自費品項現貨會變動，接種前請先來電 06-2516086 或 LINE @lhpedclinic 確認當日庫存。,接種流感疫苗不需要特別掛某一個科別，一般由小兒科或家庭醫學科門診評估後接種即可：孩子可掛小兒科，成人與長者可掛家庭醫學科，立欣診所（台南市北區育德路 467 號）兩者皆有門診，平日夜診至 21:30、週六與週日皆有門診。接種疫苗屬預防保健、不是急症，不需要掛急診；本院為門診、非急診，若出現呼吸困難、意識改變等危急狀況請直接撥打 119 或前往鄰近急診。是否適合接種、要打幾劑與有無禁忌，依原廠仿單記載並由醫師評估；發燒或患有急性中重度疾病時建議待病情穩定後再接種，曾對疫苗成分或前一劑發生嚴重過敏反應者不宜接種。自費品項現貨會變動，接種前請先來電 06-2516086 或在此聊天室輸入「專人服務」確認當日庫存。
Q527,挑選在台南接種流感疫苗的門診時，可以參考幾項客觀條件：（1）是否同時提供公費與自費流感疫苗，公費資格不符時仍有自費選項可評估；（2）自費品項與劑型是否多元，例如一般不活化針劑、細胞培養型、含佐劑的熟齡型與兒童鼻噴劑型，能依年齡由醫師評估；（3）是否由醫師依原廠仿單逐案評估適用對象、劑次與禁忌，而不是只看年齡；（4）未滿 9 歲孩子的劑次判定較複雜（滿 6 個月至未滿 3 歲看過去累計接種劑數、3 歲至未滿 9 歲看過去是否曾接種），院所能否協助對照兒童健康手冊（黃卡）判定；（5）接種前能否先來電或以 LINE 確認當日現貨；（6）看診時段是否配合得上，含夜診與假日。這裡不做院所或品牌的優劣排名，也沒有「哪一家最好」「哪一種一定比較好」這種一體適用的答案——決定順序是先由醫師依年齡、健康狀況與過去接種史，依原廠仿單排除不適合的品項，再談劑型偏好；公費疫苗的品牌由政府配發、不由民眾指定。網路上的整理文、討論串與接種心得（流感疫苗懶人包、PTT、Dcard、評價、心得）反映的是個別經驗、未必即時，也不會知道搜尋者本人的年齡、過去接種史與健康狀況，僅供參考，不是決定依據。立欣診所（台南市北區育德路 467 號，健保特約之小兒科與家庭醫學門診，電話 06-2516086，LINE @lhpedclinic）同時提供公費與自費流感疫苗，幼兒、學生、成人與長者皆可評估，平日夜診至 21:30、週六與週日皆有門診，每日最後一診結束前 1 小時停止疫苗施打：週一至週五 20:30、週六 17:00、週日 20:00。本頁不列價格數字，費用以現場公告為準；適用對象、劑量與禁忌依原廠仿單記載並由醫師評估，發燒或患有急性中重度疾病時建議待病情穩定後再接種，曾對疫苗成分或前一劑發生嚴重過敏反應者不宜接種。本院為門診、非急診。,挑選在台南接種流感疫苗的門診時，可以參考幾項客觀條件：（1）是否同時提供公費與自費流感疫苗，公費資格不符時仍有自費選項可評估；（2）自費品項與劑型是否多元，例如一般不活化針劑、細胞培養型、含佐劑的熟齡型與兒童鼻噴劑型，能依年齡由醫師評估；（3）是否由醫師依原廠仿單逐案評估適用對象、劑次與禁忌，而不是只看年齡；（4）未滿 9 歲孩子的劑次判定較複雜（滿 6 個月至未滿 3 歲看過去累計接種劑數、3 歲至未滿 9 歲看過去是否曾接種），院所能否協助對照兒童健康手冊（黃卡）判定；（5）接種前能否先來電或以 LINE 確認當日現貨；（6）看診時段是否配合得上，含夜診與假日。這裡不做院所或品牌的優劣排名，也沒有「哪一家最好」「哪一種一定比較好」這種一體適用的答案——決定順序是先由醫師依年齡、健康狀況與過去接種史，依原廠仿單排除不適合的品項，再談劑型偏好；公費疫苗的品牌由政府配發、不由民眾指定。網路上的整理文、討論串與接種心得（流感疫苗懶人包、PTT、Dcard、評價、心得）反映的是個別經驗、未必即時，也不會知道搜尋者本人的年齡、過去接種史與健康狀況，僅供參考，不是決定依據。立欣診所（台南市北區育德路 467 號，健保特約之小兒科與家庭醫學門診，電話 06-2516086，或在此聊天室輸入「專人服務」）同時提供公費與自費流感疫苗，幼兒、學生、成人與長者皆可評估，平日夜診至 21:30、週六與週日皆有門診，每日最後一診結束前 1 小時停止疫苗施打：週一至週五 20:30、週六 17:00、週日 20:00。本頁不列價格數字，費用以現場公告為準；適用對象、劑量與禁忌依原廠仿單記載並由醫師評估，發燒或患有急性中重度疾病時建議待病情穩定後再接種，曾對疫苗成分或前一劑發生嚴重過敏反應者不宜接種。本院為門診、非急診。
Q528,公費與自費的主要差別在誰付費、由誰配發與可選品項，不是保護力的高低排序。公費流感疫苗由政府採購後配發至合約院所，接種對象與開打階段每年由衛生福利部疾病管制署公告，品牌由政府配發、不由民眾指定；自費則適用於不符合當年度公費資格、或希望在公費開打前先接種、希望依年齡自選劑型的人，可選品項依院所當期進貨與各款原廠仿單的適用年齡而定。公費配發的與多數自費品項同為不活化流感疫苗（自費另有鼻噴劑型的減毒活性疫苗），兩者的接種禁忌、注意事項與接種後觀察原則相同。所以這個問題沒有一體適用的答案：符合公費資格者依疾管署公告的時程接種即可，是否另外考慮自費品項，取決於年齡、是否有仿單上適用的特定劑型需求，以及能不能等到該階段開打，由醫師依原廠仿單與個人狀況評估。是否符合當年度公費對象請以疾病管制署公告為準。立欣診所（台南市北區育德路 467 號）兩者皆提供，接種前請來電 06-2516086 或 LINE @lhpedclinic 確認當日可接種時段與自費品項庫存；本頁不列價格數字，費用以現場公告為準。適用對象、劑量與禁忌依原廠仿單記載並由醫師評估，發燒或患有急性中重度疾病時建議待病情穩定後再接種，曾對疫苗成分或前一劑發生嚴重過敏反應者不宜接種。本院為門診、非急診。,公費與自費的主要差別在誰付費、由誰配發與可選品項，不是保護力的高低排序。公費流感疫苗由政府採購後配發至合約院所，接種對象與開打階段每年由衛生福利部疾病管制署公告，品牌由政府配發、不由民眾指定；自費則適用於不符合當年度公費資格、或希望在公費開打前先接種、希望依年齡自選劑型的人，可選品項依院所當期進貨與各款原廠仿單的適用年齡而定。公費配發的與多數自費品項同為不活化流感疫苗（自費另有鼻噴劑型的減毒活性疫苗），兩者的接種禁忌、注意事項與接種後觀察原則相同。所以這個問題沒有一體適用的答案：符合公費資格者依疾管署公告的時程接種即可，是否另外考慮自費品項，取決於年齡、是否有仿單上適用的特定劑型需求，以及能不能等到該階段開打，由醫師依原廠仿單與個人狀況評估。是否符合當年度公費對象請以疾病管制署公告為準。立欣診所（台南市北區育德路 467 號）兩者皆提供，接種前請來電 06-2516086 或在此聊天室輸入「專人服務」確認當日可接種時段與自費品項庫存；本頁不列價格數字，費用以現場公告為準。適用對象、劑量與禁忌依原廠仿單記載並由醫師評估，發燒或患有急性中重度疾病時建議待病情穩定後再接種，曾對疫苗成分或前一劑發生嚴重過敏反應者不宜接種。本院為門診、非急診。
Q531,"建議在出國前 2 週完成接種。接種後身體大約需要 14 天才會產生足夠的抗體與保護力，去日本或其他地區旅遊都一樣。疫苗現貨會變動，出發前的接種時間請先來電 06-2516086 或 LINE @lhpedclinic 確認。

接種提醒：適用對象與劑次依原廠仿單記載，由醫師評估；現貨與到貨情形請先來電或 LINE 確認。發燒或急性疾病期應暫緩接種，有禁忌者不接種。","建議在出國前 2 週完成接種。接種後身體大約需要 14 天才會產生足夠的抗體與保護力，去日本或其他地區旅遊都一樣。疫苗現貨會變動，出發前的接種時間請先來電 06-2516086 或在此聊天室輸入「專人服務」確認。

接種提醒：適用對象與劑次依原廠仿單記載，由醫師評估；現貨與到貨情形請先來電或 LINE 確認。發燒或急性疾病期應暫緩接種，有禁忌者不接種。"
Q540,立欣診所位於台南市北區育德路467號，鄰近成大醫院、台南公園，為健保特約之小兒科與家庭醫學診所，提供嬰幼兒與兒童的身高、體重、頭圍量測與生長曲線追蹤、餵食與營養衛教，並可評估生長趨勢是否需要進一步檢查。新生兒與嬰幼兒的生長與餵食追蹤由具國泰醫院新生兒次專科研究醫師訓練的李佳玲醫師看診，兒童體重與體位相關評估亦可由蔡宗儒院長評估。平日夜診至 21:30、週六與週日皆有門診，方便安排回診。電話 06-2516086，LINE @lhpedclinic。本院為門診、非急診。,立欣診所位於台南市北區育德路467號，鄰近成大醫院、台南公園，為健保特約之小兒科與家庭醫學診所，提供嬰幼兒與兒童的身高、體重、頭圍量測與生長曲線追蹤、餵食與營養衛教，並可評估生長趨勢是否需要進一步檢查。新生兒與嬰幼兒的生長與餵食追蹤由具國泰醫院新生兒次專科研究醫師訓練的李佳玲醫師看診，兒童體重與體位相關評估亦可由蔡宗儒院長評估。平日夜診至 21:30、週六與週日皆有門診，方便安排回診。電話 06-2516086，或在此聊天室輸入「專人服務」。本院為門診、非急診。
Q546,立欣診所位於台南市北區育德路467號，為健保特約之小兒科與家庭醫學診所，由蔡宗儒院長看診，提供成人自費健康檢查（基礎血液尿液、肝腎血糖血脂、甲狀腺、荷爾蒙、性病、過敏原與癌症篩檢等套組），並協助成人預防保健（公費健檢）。實際項目、適合對象與費用請來電 06-2516086 或 LINE @lhpedclinic 洽詢並由醫師評估。平日夜診至21:30、週六週日皆有門診。提醒本診所非急診。,立欣診所位於台南市北區育德路467號，為健保特約之小兒科與家庭醫學診所，由蔡宗儒院長看診，提供成人自費健康檢查（基礎血液尿液、肝腎血糖血脂、甲狀腺、荷爾蒙、性病、過敏原與癌症篩檢等套組），並協助成人預防保健（公費健檢）。實際項目、適合對象與費用請來電 06-2516086 或在此聊天室輸入「專人服務」洽詢並由醫師評估。平日夜診至21:30、週六週日皆有門診。提醒本診所非急診。
Q554,立欣診所位於台南市北區育德路467號，鄰近成大醫院、台南公園，為健保特約之小兒科與家庭醫學診所，由蔡宗儒院長看診，可評估孩子在高溫下出現的頭暈、噁心、疲倦、體溫升高等狀況，並協助分辨是感染引起的發燒還是熱傷害。平日夜診至 21:30、週六與週日皆有門診。電話 06-2516086，LINE @lhpedclinic。特別提醒：本院為門診、非急診——若出現體溫飆高合併意識改變、躁動、抽搐或昏迷，請立即撥打 119 或直接前往急診，並在等待期間先進行散熱降溫。,立欣診所位於台南市北區育德路467號，鄰近成大醫院、台南公園，為健保特約之小兒科與家庭醫學診所，由蔡宗儒院長看診，可評估孩子在高溫下出現的頭暈、噁心、疲倦、體溫升高等狀況，並協助分辨是感染引起的發燒還是熱傷害。平日夜診至 21:30、週六與週日皆有門診。電話 06-2516086，或在此聊天室輸入「專人服務」。特別提醒：本院為門診、非急診——若出現體溫飆高合併意識改變、躁動、抽搐或昏迷，請立即撥打 119 或直接前往急診，並在等待期間先進行散熱降溫。
Q564,國民健康署成人預防保健服務提供終身一次免費 B、C 型肝炎篩檢，對象為 45 歲至 79 歲民眾（具原住民身分者提前至 40 歲）；自 114 年 8 月 1 日起擴大納入民國 75 年（含）以前出生、未滿 45 歲者，抽一管血即可同時完成 B、C 肝篩檢且不需空腹，實際資格以國民健康署最新規定為準。立欣診所位於台南市北區育德路467號，為健保特約之小兒科與家庭醫學診所，提供成人一般診療、抽血檢查、慢性病追蹤與成人預防保健（公費健檢），需要進一步治療者協助轉介。建議先來電 06-2516086 或 LINE @lhpedclinic 確認資格與當日可受理情形並攜帶健保卡。平日夜診至 21:30、週六週日皆有門診。本院為門診、非急診。,國民健康署成人預防保健服務提供終身一次免費 B、C 型肝炎篩檢，對象為 45 歲至 79 歲民眾（具原住民身分者提前至 40 歲）；自 114 年 8 月 1 日起擴大納入民國 75 年（含）以前出生、未滿 45 歲者，抽一管血即可同時完成 B、C 肝篩檢且不需空腹，實際資格以國民健康署最新規定為準。立欣診所位於台南市北區育德路467號，為健保特約之小兒科與家庭醫學診所，提供成人一般診療、抽血檢查、慢性病追蹤與成人預防保健（公費健檢），需要進一步治療者協助轉介。建議先來電 06-2516086 或在此聊天室輸入「專人服務」確認資格與當日可受理情形並攜帶健保卡。平日夜診至 21:30、週六週日皆有門診。本院為門診、非急診。
Q574,立欣診所位於台南市北區育德路467號，由具台北馬偕兒童過敏氣喘免疫風濕科研究醫師訓練、為台灣兒童過敏氣喘免疫及風濕病醫學會會員的蔡宗儒院長看診，可協助評估寶寶添加副食品後的反應、討論高致敏食物的加入方式，並提供自費過敏原檢測（急性 IgE／慢性 IgG，經醫師評估後抽血，結果由醫師結合症狀判讀、不單以數值決定忌口）。平日夜診至21:30，週六、週日皆有門診。電話06-2516086，LINE @lhpedclinic。,立欣診所位於台南市北區育德路467號，由具台北馬偕兒童過敏氣喘免疫風濕科研究醫師訓練、為台灣兒童過敏氣喘免疫及風濕病醫學會會員的蔡宗儒院長看診，可協助評估寶寶添加副食品後的反應、討論高致敏食物的加入方式，並提供自費過敏原檢測（急性 IgE／慢性 IgG，經醫師評估後抽血，結果由醫師結合症狀判讀、不單以數值決定忌口）。平日夜診至21:30，週六、週日皆有門診。電話06-2516086，或在此聊天室輸入「專人服務」。
Q580,立欣診所位於台南市北區育德路467號，由蔡宗儒院長（具馬偕兒童過敏氣喘免疫風濕科訓練）與李佳玲醫師看診，院內備有肺功能檢測儀。平日門診至21:30，週六、週日皆有門診。電話06-2516086，LINE @lhpedclinic。,立欣診所位於台南市北區育德路467號，由蔡宗儒院長（具馬偕兒童過敏氣喘免疫風濕科訓練）與李佳玲醫師看診，院內備有肺功能檢測儀。平日門診至21:30，週六、週日皆有門診。電話06-2516086，或在此聊天室輸入「專人服務」。
Q590,"立欣診所位於台南市北區育德路467號，為健保特約之小兒科與家庭醫學診所，由蔡宗儒院長看診，提供公費與自費疫苗接種（含9價HPV疫苗嘉喜9）。公費HPV依疾管署公告對象與時程提供，自費疫苗的適用對象與劑數依原廠仿單與醫師評估，現貨品項會變動，接種前請先來電06-2516086或 LINE @lhpedclinic 確認當日庫存與適合的接種時間。平日夜診至21:30、週六週日皆有門診。提醒本診所非急診。

接種提醒：適用對象與劑次依原廠仿單記載，由醫師評估；現貨與到貨情形請先來電或 LINE 確認。發燒或急性疾病期應暫緩接種，有禁忌者不接種。","立欣診所位於台南市北區育德路467號，為健保特約之小兒科與家庭醫學診所，由蔡宗儒院長看診，提供公費與自費疫苗接種（含9價HPV疫苗嘉喜9）。公費HPV依疾管署公告對象與時程提供，自費疫苗的適用對象與劑數依原廠仿單與醫師評估，現貨品項會變動，接種前請先來電06-2516086或在此聊天室輸入「專人服務」確認當日庫存與適合的接種時間。平日夜診至21:30、週六週日皆有門診。提醒本診所非急診。

接種提醒：適用對象與劑次依原廠仿單記載，由醫師評估；現貨與到貨情形請先來電或 LINE 確認。發燒或急性疾病期應暫緩接種，有禁忌者不接種。"
Q591,"9價HPV疫苗（嘉喜9 Gardasil 9）屬於非活性的基因重組疫苗，依疾管署接種指引，非活性疫苗可與其他非活性或活性疫苗（如A型肝炎、B型肝炎、白喉破傷風百日咳、非活性小兒麻痺、腦膜炎雙球菌等）同時接種，建議施打於不同部位、分開手臂，以利區分接種後反應。是否同時接種、當日安排哪些品項，仍請由醫師依原廠仿單與個人狀況評估。現貨品項會變動，接種前請先來電06-2516086或 LINE @lhpedclinic 確認當日庫存。立欣診所平日夜診至21:30、週六週日皆有門診；本院為門診、非急診。

接種提醒：適用對象與劑次依原廠仿單記載，由醫師評估；現貨與到貨情形請先來電或 LINE 確認。發燒或急性疾病期應暫緩接種，有禁忌者不接種。","9價HPV疫苗（嘉喜9 Gardasil 9）屬於非活性的基因重組疫苗，依疾管署接種指引，非活性疫苗可與其他非活性或活性疫苗（如A型肝炎、B型肝炎、白喉破傷風百日咳、非活性小兒麻痺、腦膜炎雙球菌等）同時接種，建議施打於不同部位、分開手臂，以利區分接種後反應。是否同時接種、當日安排哪些品項，仍請由醫師依原廠仿單與個人狀況評估。現貨品項會變動，接種前請先來電06-2516086或在此聊天室輸入「專人服務」確認當日庫存。立欣診所平日夜診至21:30、週六週日皆有門診；本院為門診、非急診。

接種提醒：適用對象與劑次依原廠仿單記載，由醫師評估；現貨與到貨情形請先來電或 LINE 確認。發燒或急性疾病期應暫緩接種，有禁忌者不接種。"
Q592,"依嘉喜9原廠仿單，9至14歲可採2劑時程（第0與第6至12個月）；若第2劑距離第1劑少於5個月，則需再接種第3劑，且與第2劑至少間隔4個月。15歲以上多採3劑時程（第0、2、6個月）。若接種時程中斷或延後，一般依仿單與疾管署補接種原則接續補打即可，通常不需從第1劑重新開始，實際仍由醫師依接種紀錄、年齡與仿單評估。公費對象、年齡與時程以疾管署每年公告為準。立欣診所位於台南市北區育德路467號，接種前請來電06-2516086或 LINE @lhpedclinic 確認現貨；本院為門診、非急診。

接種提醒：適用對象與劑次依原廠仿單記載，由醫師評估；現貨與到貨情形請先來電或 LINE 確認。發燒或急性疾病期應暫緩接種，有禁忌者不接種。","依嘉喜9原廠仿單，9至14歲可採2劑時程（第0與第6至12個月）；若第2劑距離第1劑少於5個月，則需再接種第3劑，且與第2劑至少間隔4個月。15歲以上多採3劑時程（第0、2、6個月）。若接種時程中斷或延後，一般依仿單與疾管署補接種原則接續補打即可，通常不需從第1劑重新開始，實際仍由醫師依接種紀錄、年齡與仿單評估。公費對象、年齡與時程以疾管署每年公告為準。立欣診所位於台南市北區育德路467號，接種前請來電06-2516086或在此聊天室輸入「專人服務」確認現貨；本院為門診、非急診。

接種提醒：適用對象與劑次依原廠仿單記載，由醫師評估；現貨與到貨情形請先來電或 LINE 確認。發燒或急性疾病期應暫緩接種，有禁忌者不接種。"
Q593,"9 價 HPV 疫苗目前的品項是嘉喜9（Gardasil 9）。先確認自己屬於公費還是自費：國中男女學生走校園公費接種（年級、時程與劑別依疾管署每年公告），其他 9～45 歲男女依原廠仿單自費接種。要自費接種時，挑院所可以看這幾點：是否為健保特約院所、設有成人（家庭醫學）門診，由醫師依仿單評估劑數（9～14 歲通常 2 劑、15 歲以上多為 3 劑）與間隔；接種前能否先用電話或 LINE 確認當日現貨；2～3 劑的時程排得上，回診時段（夜診、週末）方便；能說明公費與自費的差別，以及公費補接種該去哪裡。本頁不列價格，費用以現場公告為準；發燒或身體不適時通常先延後接種。疫苗不能取代子宮頸抹片篩檢。立欣診所位於台南市北區育德路467號，現貨品項會變動，接種前請來電 06-2516086 或 LINE @lhpedclinic 確認。

接種提醒：適用對象與劑次依原廠仿單記載，由醫師評估；現貨與到貨情形請先來電或 LINE 確認。發燒或急性疾病期應暫緩接種，有禁忌者不接種。","9 價 HPV 疫苗目前的品項是嘉喜9（Gardasil 9）。先確認自己屬於公費還是自費：國中男女學生走校園公費接種（年級、時程與劑別依疾管署每年公告），其他 9～45 歲男女依原廠仿單自費接種。要自費接種時，挑院所可以看這幾點：是否為健保特約院所、設有成人（家庭醫學）門診，由醫師依仿單評估劑數（9～14 歲通常 2 劑、15 歲以上多為 3 劑）與間隔；接種前能否先用電話或 LINE 確認當日現貨；2～3 劑的時程排得上，回診時段（夜診、週末）方便；能說明公費與自費的差別，以及公費補接種該去哪裡。本頁不列價格，費用以現場公告為準；發燒或身體不適時通常先延後接種。疫苗不能取代子宮頸抹片篩檢。立欣診所位於台南市北區育德路467號，現貨品項會變動，接種前請來電 06-2516086 或在此聊天室輸入「專人服務」確認。

接種提醒：適用對象與劑次依原廠仿單記載，由醫師評估；現貨與到貨情形請先來電或 LINE 確認。發燒或急性疾病期應暫緩接種，有禁忌者不接種。"
Q599,立欣診所位於台南市北區育德路467號，為健保特約之小兒科與家庭醫學診所，由蔡宗儒院長看診，提供成人血脂（總膽固醇、LDL、HDL、三酸甘油酯）等抽血檢查，以及高血脂、高血壓、糖尿病等慢性病的長期追蹤與飲食、生活型態衛教。膽固醇偏高、有家族史或已有心血管風險，建議定期追蹤。平日夜診至21:30、週六週日皆有門診。電話06-2516086，LINE @lhpedclinic。本院為門診、非急診。,立欣診所位於台南市北區育德路467號，為健保特約之小兒科與家庭醫學診所，由蔡宗儒院長看診，提供成人血脂（總膽固醇、LDL、HDL、三酸甘油酯）等抽血檢查，以及高血脂、高血壓、糖尿病等慢性病的長期追蹤與飲食、生活型態衛教。膽固醇偏高、有家族史或已有心血管風險，建議定期追蹤。平日夜診至21:30、週六週日皆有門診。電話06-2516086，或在此聊天室輸入「專人服務」。本院為門診、非急診。
Q608,立欣診所位於台南市北區育德路467號，為健保特約之小兒科與家庭醫學診所，由蔡宗儒院長看診，提供成人血壓量測、居家血壓判讀、抽血檢查與高血壓、糖尿病、高血脂等慢性病的長期追蹤與生活型態衛教。量到血壓偏高、有家族史或想追蹤血壓，建議定期回診。平日夜診至21:30、週六週日皆有門診。電話06-2516086，LINE @lhpedclinic。本院為門診、非急診。,立欣診所位於台南市北區育德路467號，為健保特約之小兒科與家庭醫學診所，由蔡宗儒院長看診，提供成人血壓量測、居家血壓判讀、抽血檢查與高血壓、糖尿病、高血脂等慢性病的長期追蹤與生活型態衛教。量到血壓偏高、有家族史或想追蹤血壓，建議定期回診。平日夜診至21:30、週六週日皆有門診。電話06-2516086，或在此聊天室輸入「專人服務」。本院為門診、非急診。
Q613,"輪狀病毒疫苗為口服疫苗，依廠牌分為 2 劑型與 3 劑型，兩者都有必須完成的月齡上限，因此建議及早在月齡內開始、按時完成。完整的接種月齡、每劑間隔與各劑型的月齡上限，請見本院「輪狀病毒疫苗」衛教專頁。立欣診所備有口服輪狀病毒疫苗，實際適用對象、劑次與時程依原廠仿單與醫師評估，接種前請來電 06-2516086 或 LINE @lhpedclinic 確認當日現貨。

接種提醒：適用對象與劑次依原廠仿單記載，由醫師評估；現貨與到貨情形請先來電或 LINE 確認。發燒或急性疾病期應暫緩接種，有禁忌者不接種。","輪狀病毒疫苗為口服疫苗，依廠牌分為 2 劑型與 3 劑型，兩者都有必須完成的月齡上限，因此建議及早在月齡內開始、按時完成。完整的接種月齡、每劑間隔與各劑型的月齡上限，請見本院「輪狀病毒疫苗」衛教專頁。立欣診所備有口服輪狀病毒疫苗，實際適用對象、劑次與時程依原廠仿單與醫師評估，接種前請來電 06-2516086 或在此聊天室輸入「專人服務」確認當日現貨。

接種提醒：適用對象與劑次依原廠仿單記載，由醫師評估；現貨與到貨情形請先來電或 LINE 確認。發燒或急性疾病期應暫緩接種，有禁忌者不接種。"
Q615,"立欣診所位於台南市北區育德路467號，李佳玲醫師具國泰醫院新生兒次專科研究醫師訓練，提供嬰幼兒腸胃炎評估、補水與脫水衛教，並備有口服輪狀病毒疫苗（依仿單與醫師評估、現貨來電確認）。平日有夜診、週六與週日皆有門診，方便回診。電話06-2516086，LINE @lhpedclinic。診所為健保特約、非急診，嚴重脫水或意識不清請直接前往急診。

接種提醒：適用對象與劑次依原廠仿單記載，由醫師評估；現貨與到貨情形請先來電或 LINE 確認。發燒或急性疾病期應暫緩接種，有禁忌者不接種。","立欣診所位於台南市北區育德路467號，李佳玲醫師具國泰醫院新生兒次專科研究醫師訓練，提供嬰幼兒腸胃炎評估、補水與脫水衛教，並備有口服輪狀病毒疫苗（依仿單與醫師評估、現貨來電確認）。平日有夜診、週六與週日皆有門診，方便回診。電話06-2516086，或在此聊天室輸入「專人服務」。診所為健保特約、非急診，嚴重脫水或意識不清請直接前往急診。

接種提醒：適用對象與劑次依原廠仿單記載，由醫師評估；現貨與到貨情形請先來電或 LINE 確認。發燒或急性疾病期應暫緩接種，有禁忌者不接種。"
Q622,"急性腸胃炎最怕的是脫水，挑選台南腸胃炎門診時可參考幾個客觀條件：（1）是否能同時照顧大人與小孩——腸胃炎常是全家接力發病；（2）看診時段是否含夜診與假日，腸胃炎多半突然發作；（3）醫師是否會完整衛教補水方式（口服電解質液少量多次、不以運動飲料或果汁替代）與脫水警訊的辨識；（4）是否能說明病毒性與細菌性腸胃炎的差別，以及何時才需要糞便檢查或抗生素，而不是一律給藥；（5）嬰幼兒是否能一併評估輪狀病毒疫苗接種時程。立欣診所（台南市北區育德路467號）小兒科照護兒童與嬰幼兒腸胃炎、家庭醫學門診照護成人腸胃炎，李佳玲醫師具國泰醫院新生兒次專科研究醫師訓練；平日夜診至 21:30、週六與週日皆有門診。電話 06-2516086，LINE @lhpedclinic。持續嘔吐無法進食、尿量明顯減少、活力差、血便或高燒不退請儘速就醫；3 個月以下嬰兒發燒請立即就醫。本院為門診、非急診。實際就醫選擇請依個人需求與醫師面診評估。

接種提醒：適用對象與劑次依原廠仿單記載，由醫師評估；現貨與到貨情形請先來電或 LINE 確認。發燒或急性疾病期應暫緩接種，有禁忌者不接種。","急性腸胃炎最怕的是脫水，挑選台南腸胃炎門診時可參考幾個客觀條件：（1）是否能同時照顧大人與小孩——腸胃炎常是全家接力發病；（2）看診時段是否含夜診與假日，腸胃炎多半突然發作；（3）醫師是否會完整衛教補水方式（口服電解質液少量多次、不以運動飲料或果汁替代）與脫水警訊的辨識；（4）是否能說明病毒性與細菌性腸胃炎的差別，以及何時才需要糞便檢查或抗生素，而不是一律給藥；（5）嬰幼兒是否能一併評估輪狀病毒疫苗接種時程。立欣診所（台南市北區育德路467號）小兒科照護兒童與嬰幼兒腸胃炎、家庭醫學門診照護成人腸胃炎，李佳玲醫師具國泰醫院新生兒次專科研究醫師訓練；平日夜診至 21:30、週六與週日皆有門診。電話 06-2516086，或在此聊天室輸入「專人服務」。持續嘔吐無法進食、尿量明顯減少、活力差、血便或高燒不退請儘速就醫；3 個月以下嬰兒發燒請立即就醫。本院為門診、非急診。實際就醫選擇請依個人需求與醫師面診評估。

接種提醒：適用對象與劑次依原廠仿單記載，由醫師評估；現貨與到貨情形請先來電或 LINE 確認。發燒或急性疾病期應暫緩接種，有禁忌者不接種。"
Q623,「腸胃型感冒」是民間常用的說法，指的通常就是病毒性腸胃炎，和引起發燒、咳嗽、流鼻水的流行性感冒（流感）並不是同一種病，致病的病毒與治療方式都不同——腸胃炎沒有像流感那樣的抗病毒特效藥，照護核心是補水與觀察脫水警訊。因為名稱容易混淆，看診時建議直接描述症狀（吐幾次、拉幾次、有沒有發燒、吃不吃得下、尿量多不多），比用病名更有助於醫師判斷。就診分流與腸胃炎相同：兒童與嬰幼兒看小兒科，成人看家庭醫學門診。立欣診所（台南市北區育德路467號）兩者皆可評估，平日夜診至 21:30、週六與週日皆有門診。電話 06-2516086，LINE @lhpedclinic。本院為門診、非急診，嚴重脫水或意識不清請直接前往急診。,「腸胃型感冒」是民間常用的說法，指的通常就是病毒性腸胃炎，和引起發燒、咳嗽、流鼻水的流行性感冒（流感）並不是同一種病，致病的病毒與治療方式都不同——腸胃炎沒有像流感那樣的抗病毒特效藥，照護核心是補水與觀察脫水警訊。因為名稱容易混淆，看診時建議直接描述症狀（吐幾次、拉幾次、有沒有發燒、吃不吃得下、尿量多不多），比用病名更有助於醫師判斷。就診分流與腸胃炎相同：兒童與嬰幼兒看小兒科，成人看家庭醫學門診。立欣診所（台南市北區育德路467號）兩者皆可評估，平日夜診至 21:30、週六與週日皆有門診。電話 06-2516086，或在此聊天室輸入「專人服務」。本院為門診、非急診，嚴重脫水或意識不清請直接前往急診。
Q633,"立欣診所位於台南市北區育德路467號，鄰近成大醫院、台南公園，為健保特約之小兒科與家庭醫學診所，由蔡宗儒院長看診，提供兒童與成人類流感症狀的評估、必要檢驗與用藥評估，並可接種公費與自費流感疫苗。平日夜診至 21:30、週六與週日皆有門診，可先用 MainPI 查詢看診進度再出門。電話 06-2516086，LINE @lhpedclinic。提醒本院為門診、非急診；出現呼吸困難、發紺、意識改變等危險徵兆請直接前往急診或撥 119。

接種提醒：適用對象與劑次依原廠仿單記載，由醫師評估；現貨與到貨情形請先來電或 LINE 確認。發燒或急性疾病期應暫緩接種，有禁忌者不接種。

實際門診時間以官網 https://lhpedclinic.com.tw 公告為準，建議來電或 LINE 確認。","立欣診所位於台南市北區育德路467號，鄰近成大醫院、台南公園，為健保特約之小兒科與家庭醫學診所，由蔡宗儒院長看診，提供兒童與成人類流感症狀的評估、必要檢驗與用藥評估，並可接種公費與自費流感疫苗。平日夜診至 21:30、週六與週日皆有門診，可先用 MainPI 查詢看診進度再出門。電話 06-2516086，或在此聊天室輸入「專人服務」。提醒本院為門診、非急診；出現呼吸困難、發紺、意識改變等危險徵兆請直接前往急診或撥 119。

接種提醒：適用對象與劑次依原廠仿單記載，由醫師評估；現貨與到貨情形請先來電或 LINE 確認。發燒或急性疾病期應暫緩接種，有禁忌者不接種。

實際門診時間以官網 https://lhpedclinic.com.tw 公告為準，建議來電或 LINE 確認。"
Q642,立欣診所位於台南市北區育德路467號，由蔡宗儒院長與李佳玲醫師看診，提供兒童發燒與出疹的門診評估。孩子發燒超過5天或出現川崎病的表現時，醫師會評估並協助轉介至有兒童心臟科與住院設備的醫院，進一步抽血、心臟超音波與治療；川崎病的免疫球蛋白治療需在醫院住院進行，本院不提供。平日門診至21:30，週六、週日皆有門診。電話06-2516086，LINE @lhpedclinic。本院為一般門診、非急診。,立欣診所位於台南市北區育德路467號，由蔡宗儒院長與李佳玲醫師看診，提供兒童發燒與出疹的門診評估。孩子發燒超過5天或出現川崎病的表現時，醫師會評估並協助轉介至有兒童心臟科與住院設備的醫院，進一步抽血、心臟超音波與治療；川崎病的免疫球蛋白治療需在醫院住院進行，本院不提供。平日門診至21:30，週六、週日皆有門診。電話06-2516086，或在此聊天室輸入「專人服務」。本院為一般門診、非急診。
Q655,"台灣目前未將 B 型腦膜炎雙球菌疫苗納入幼兒公費常規接種，屬自費疫苗，費用請洽診所。公費項目與適用對象請以衛生福利部疾病管制署最新公告為準。自費疫苗現貨品項會變動，建議接種前先來電 06-2516086 或 LINE @lhpedclinic 確認當日庫存與可安排的時段。

接種提醒：適用對象與劑次依原廠仿單記載，由醫師評估；現貨與到貨情形請先來電或 LINE 確認。發燒或急性疾病期應暫緩接種，有禁忌者不接種。","台灣目前未將 B 型腦膜炎雙球菌疫苗納入幼兒公費常規接種，屬自費疫苗，費用請洽診所。公費項目與適用對象請以衛生福利部疾病管制署最新公告為準。自費疫苗現貨品項會變動，建議接種前先來電 06-2516086 或在此聊天室輸入「專人服務」確認當日庫存與可安排的時段。

接種提醒：適用對象與劑次依原廠仿單記載，由醫師評估；現貨與到貨情形請先來電或 LINE 確認。發燒或急性疾病期應暫緩接種，有禁忌者不接種。"
Q657,"立欣診所位於台南市北區育德路467號，為健保特約之小兒科與家庭醫學診所，由李佳玲醫師看診，提供嬰幼兒公費與自費疫苗接種，並協助評估 B 型腦膜炎雙球菌疫苗的接種年齡、劑次與與其他疫苗的安排。自費疫苗現貨會變動，建議先來電 06-2516086 或 LINE @lhpedclinic 確認當日庫存，並攜帶寶寶手冊（黃卡）。平日夜診至21:30、週六週日皆有門診。本院為門診、非急診；若孩子出現壓不退的瘀點或紫斑、意識改變、抽搐等狀況請立即赴急診或撥 119。

接種提醒：適用對象與劑次依原廠仿單記載，由醫師評估；現貨與到貨情形請先來電或 LINE 確認。發燒或急性疾病期應暫緩接種，有禁忌者不接種。","立欣診所位於台南市北區育德路467號，為健保特約之小兒科與家庭醫學診所，由李佳玲醫師看診，提供嬰幼兒公費與自費疫苗接種，並協助評估 B 型腦膜炎雙球菌疫苗的接種年齡、劑次與與其他疫苗的安排。自費疫苗現貨會變動，建議先來電 06-2516086 或在此聊天室輸入「專人服務」確認當日庫存，並攜帶寶寶手冊（黃卡）。平日夜診至21:30、週六週日皆有門診。本院為門診、非急診；若孩子出現壓不退的瘀點或紫斑、意識改變、抽搐等狀況請立即赴急診或撥 119。

接種提醒：適用對象與劑次依原廠仿單記載，由醫師評估；現貨與到貨情形請先來電或 LINE 確認。發燒或急性疾病期應暫緩接種，有禁忌者不接種。"
Q663,立欣診所位於台南市北區育德路467號，為健保特約之小兒科與家庭醫學診所，由蔡宗儒院長看診，提供成人血壓量測、腰圍記錄、抽血檢查（血糖、血脂等）與慢性病長期追蹤，並協助高血壓、糖尿病、高血脂的規律控制與生活型態衛教。腰圍變粗、血壓血糖異常或有家族史，建議定期檢查。電話06-2516086，LINE @lhpedclinic。平日夜診至21:30、週六週日皆有門診。本院為門診、非急診。,立欣診所位於台南市北區育德路467號，為健保特約之小兒科與家庭醫學診所，由蔡宗儒院長看診，提供成人血壓量測、腰圍記錄、抽血檢查（血糖、血脂等）與慢性病長期追蹤，並協助高血壓、糖尿病、高血脂的規律控制與生活型態衛教。腰圍變粗、血壓血糖異常或有家族史，建議定期檢查。電話06-2516086，或在此聊天室輸入「專人服務」。平日夜診至21:30、週六週日皆有門診。本院為門診、非急診。
Q670,"立欣診所位於台南市北區育德路467號，為健保特約之小兒科與家庭醫學診所，由蔡宗儒院長看診，提供兒童公費疫苗與成人疫苗接種，並協助評估 MMR 接種時程與適合對象。公費與自費疫苗現貨品項可能變動，接種前建議先來電 06-2516086 或 LINE @lhpedclinic 確認現貨並攜帶寶寶手冊（黃卡）。平日夜診至21:30、週六週日皆有門診。本院為門診、非急診。

接種提醒：適用對象與劑次依原廠仿單記載，由醫師評估；現貨與到貨情形請先來電或 LINE 確認。發燒或急性疾病期應暫緩接種，有禁忌者不接種。","立欣診所位於台南市北區育德路467號，為健保特約之小兒科與家庭醫學診所，由蔡宗儒院長看診，提供兒童公費疫苗與成人疫苗接種，並協助評估 MMR 接種時程與適合對象。公費與自費疫苗現貨品項可能變動，接種前建議先來電 06-2516086 或在此聊天室輸入「專人服務」確認現貨並攜帶寶寶手冊（黃卡）。平日夜診至21:30、週六週日皆有門診。本院為門診、非急診。

接種提醒：適用對象與劑次依原廠仿單記載，由醫師評估；現貨與到貨情形請先來電或 LINE 確認。發燒或急性疾病期應暫緩接種，有禁忌者不接種。"
Q676,立欣診所位於台南市北區育德路467號，蔡宗儒院長具台北馬偕兒童過敏氣喘免疫風濕科研究醫師訓練，院內備有肺功能檢測儀，可協助評估兒童久咳的原因（含黴漿菌、氣喘、過敏性鼻炎後鼻滴、感染後咳嗽等鑑別），必要時安排進一步檢查或轉介。平日有夜診、週六與週日皆有門診。電話06-2516086，LINE @lhpedclinic。診所為健保特約、非急診。,立欣診所位於台南市北區育德路467號，蔡宗儒院長具台北馬偕兒童過敏氣喘免疫風濕科研究醫師訓練，院內備有肺功能檢測儀，可協助評估兒童久咳的原因（含黴漿菌、氣喘、過敏性鼻炎後鼻滴、感染後咳嗽等鑑別），必要時安排進一步檢查或轉介。平日有夜診、週六與週日皆有門診。電話06-2516086，或在此聊天室輸入「專人服務」。診所為健保特約、非急診。
Q689,"鼻噴式流感疫苗（能伏鼻，FluMist）的仿單適用對象為 2 歲到未滿 18 歲，未滿 2 歲的寶寶不在鼻噴劑型的適用範圍內。滿 6 個月以上的寶寶仍可接種一般流感針劑（不活化疫苗）；滿 18 歲之後也是接種針劑。實際能不能接種、該用哪一種劑型，依原廠仿單記載並由醫師依年齡、健康狀況與接種紀錄評估。本院鼻噴式流感疫苗接種，由醫師親自執行；本品項屬自費、現貨會變動，接種前請先來電 06-2516086 或 LINE @lhpedclinic 確認當日庫存。本院為門診、非急診。

接種提醒：適用對象與劑次依原廠仿單記載，由醫師評估；現貨與到貨情形請先來電或 LINE 確認。發燒或急性疾病期應暫緩接種，有禁忌者不接種。","鼻噴式流感疫苗（能伏鼻，FluMist）的仿單適用對象為 2 歲到未滿 18 歲，未滿 2 歲的寶寶不在鼻噴劑型的適用範圍內。滿 6 個月以上的寶寶仍可接種一般流感針劑（不活化疫苗）；滿 18 歲之後也是接種針劑。實際能不能接種、該用哪一種劑型，依原廠仿單記載並由醫師依年齡、健康狀況與接種紀錄評估。本院鼻噴式流感疫苗接種，由醫師親自執行；本品項屬自費、現貨會變動，接種前請先來電 06-2516086 或在此聊天室輸入「專人服務」確認當日庫存。本院為門診、非急診。

接種提醒：適用對象與劑次依原廠仿單記載，由醫師評估；現貨與到貨情形請先來電或 LINE 確認。發燒或急性疾病期應暫緩接種，有禁忌者不接種。"
Q694,"當天有明顯鼻塞、大量鼻涕，或正在發燒、患有急性中重度疾病，請先告訴醫師；照常接種、改用其他劑型或延後，由醫師當場依原廠仿單與孩子的狀況評估。發燒或急性中重度疾病期間一般建議待病情穩定後再接種。提醒每日最後一診結束前 1 小時停止疫苗施打：週一至週五 20:30、週六 17:00、週日 20:00，欲接種請提早到院；自費品項現貨會變動，接種前請先來電 06-2516086 或 LINE @lhpedclinic 確認。

接種提醒：適用對象與劑次依原廠仿單記載，由醫師評估；現貨與到貨情形請先來電或 LINE 確認。發燒或急性疾病期應暫緩接種，有禁忌者不接種。","當天有明顯鼻塞、大量鼻涕，或正在發燒、患有急性中重度疾病，請先告訴醫師；照常接種、改用其他劑型或延後，由醫師當場依原廠仿單與孩子的狀況評估。發燒或急性中重度疾病期間一般建議待病情穩定後再接種。提醒每日最後一診結束前 1 小時停止疫苗施打：週一至週五 20:30、週六 17:00、週日 20:00，欲接種請提早到院；自費品項現貨會變動，接種前請先來電 06-2516086 或在此聊天室輸入「專人服務」確認。

接種提醒：適用對象與劑次依原廠仿單記載，由醫師評估；現貨與到貨情形請先來電或 LINE 確認。發燒或急性疾病期應暫緩接種，有禁忌者不接種。"
Q698,"立欣診所位於台南市北區育德路 467 號，鄰近成大醫院、台南公園，為健保特約之小兒科與家庭醫學診所，提供公費與自費流感疫苗接種，本院鼻噴式流感疫苗接種由醫師親自執行。接種疫苗屬預防保健、不是急症，不需要掛急診，孩子可掛小兒科；本院為門診、非急診，若出現呼吸困難、意識改變等危急狀況請直接撥打 119 或前往鄰近急診。預約與現場候診並行：可於網路時段預約（https://lhpedclinic.booknow.com.tw/）、門診時間來電 06-2516086 或 LINE @lhpedclinic 由櫃檯代為操作，也可直接到診抽現場號，現場掛號受理時間為早診 08:00、午診 14:30、晚診 18:00。當天請帶健保卡，未滿 9 歲的孩子請一併帶兒童健康手冊（黃卡）。鼻噴品項現貨會變動，接種前請先來電確認當日庫存；每日最後一診結束前 1 小時停止疫苗施打：週一至週五 20:30、週六 17:00、週日 20:00。

接種提醒：適用對象與劑次依原廠仿單記載，由醫師評估；現貨與到貨情形請先來電或 LINE 確認。發燒或急性疾病期應暫緩接種，有禁忌者不接種。","立欣診所位於台南市北區育德路 467 號，鄰近成大醫院、台南公園，為健保特約之小兒科與家庭醫學診所，提供公費與自費流感疫苗接種，本院鼻噴式流感疫苗接種由醫師親自執行。接種疫苗屬預防保健、不是急症，不需要掛急診，孩子可掛小兒科；本院為門診、非急診，若出現呼吸困難、意識改變等危急狀況請直接撥打 119 或前往鄰近急診。預約與現場候診並行：可於網路時段預約（https://lhpedclinic.booknow.com.tw/）、門診時間來電 06-2516086 或在此聊天室輸入「專人服務」由櫃檯代為操作，也可直接到診抽現場號，現場掛號受理時間為早診 08:00、午診 14:30、晚診 18:00。當天請帶健保卡，未滿 9 歲的孩子請一併帶兒童健康手冊（黃卡）。鼻噴品項現貨會變動，接種前請先來電確認當日庫存；每日最後一診結束前 1 小時停止疫苗施打：週一至週五 20:30、週六 17:00、週日 20:00。

接種提醒：適用對象與劑次依原廠仿單記載，由醫師評估；現貨與到貨情形請先來電或 LINE 確認。發燒或急性疾病期應暫緩接種，有禁忌者不接種。"
Q699,"家長口中的「鼻噴式疫苗」「鼻噴疫苗」，在流感季多半指的就是鼻噴式流感疫苗；台灣的品項是 AZ 能伏鼻（FluMist），從鼻腔噴入、不用打針，屬減毒活性疫苗，仿單適用 2 歲到未滿 18 歲。立欣診所（台南市北區育德路 467 號，鄰近成大醫院、台南公園，健保特約之小兒科與家庭醫學）提供的鼻噴劑型疫苗即為流感疫苗，本院鼻噴式流感疫苗接種由醫師親自執行；孩子可掛小兒科、成人與長者可掛家庭醫學科。接種疫苗屬預防保健、不是急症，不需要掛急診，本院為門診、非急診，若出現呼吸困難、意識改變等危急狀況請直接撥打 119 或前往鄰近急診。是否適合接種、選擇哪一種劑型，依原廠仿單記載並由醫師評估；鼻噴劑型屬自費品項、現貨會變動，接種前請先來電 06-2516086 或 LINE @lhpedclinic 確認當日庫存與適用對象。費用不於本頁列出，請來電洽詢。

接種提醒：適用對象與劑次依原廠仿單記載，由醫師評估；現貨與到貨情形請先來電或 LINE 確認。發燒或急性疾病期應暫緩接種，有禁忌者不接種。","家長口中的「鼻噴式疫苗」「鼻噴疫苗」，在流感季多半指的就是鼻噴式流感疫苗；台灣的品項是 AZ 能伏鼻（FluMist），從鼻腔噴入、不用打針，屬減毒活性疫苗，仿單適用 2 歲到未滿 18 歲。立欣診所（台南市北區育德路 467 號，鄰近成大醫院、台南公園，健保特約之小兒科與家庭醫學）提供的鼻噴劑型疫苗即為流感疫苗，本院鼻噴式流感疫苗接種由醫師親自執行；孩子可掛小兒科、成人與長者可掛家庭醫學科。接種疫苗屬預防保健、不是急症，不需要掛急診，本院為門診、非急診，若出現呼吸困難、意識改變等危急狀況請直接撥打 119 或前往鄰近急診。是否適合接種、選擇哪一種劑型，依原廠仿單記載並由醫師評估；鼻噴劑型屬自費品項、現貨會變動，接種前請先來電 06-2516086 或在此聊天室輸入「專人服務」確認當日庫存與適用對象。費用不於本頁列出，請來電洽詢。

接種提醒：適用對象與劑次依原廠仿單記載，由醫師評估；現貨與到貨情形請先來電或 LINE 確認。發燒或急性疾病期應暫緩接種，有禁忌者不接種。"
Q700,"能伏鼻（FluMist）是鼻噴式流感疫苗在台灣的品項名稱，由 AZ 出品，經鼻腔噴入給予、免打針，屬減毒活性流感疫苗，仿單適用對象為 2 歲到未滿 18 歲；一般流感針劑則為不活化疫苗、經肌肉注射，滿 6 個月以上即可接種。立欣診所位於台南市北區育德路 467 號，提供公費與自費流感疫苗接種，鼻噴劑型屬自費品項，本院鼻噴式流感疫苗接種由醫師親自執行。減毒活性疫苗對免疫功能低下、氣喘發作中或使用特定藥物（例如阿斯匹靈或含水楊酸類成分的藥品）者可能不適合，接種前請主動告知孩子的疾病史與目前所有正在使用的藥物，由醫師依原廠仿單評估。門診時間為平日夜診至 21:30、週六與週日皆有門診，每日最後一診結束前 1 小時停止疫苗施打：週一至週五 20:30、週六 17:00、週日 20:00；品項現貨會變動，接種前請先來電 06-2516086 或 LINE @lhpedclinic 確認。本院為門診、非急診。

接種提醒：適用對象與劑次依原廠仿單記載，由醫師評估；現貨與到貨情形請先來電或 LINE 確認。發燒或急性疾病期應暫緩接種，有禁忌者不接種。","能伏鼻（FluMist）是鼻噴式流感疫苗在台灣的品項名稱，由 AZ 出品，經鼻腔噴入給予、免打針，屬減毒活性流感疫苗，仿單適用對象為 2 歲到未滿 18 歲；一般流感針劑則為不活化疫苗、經肌肉注射，滿 6 個月以上即可接種。立欣診所位於台南市北區育德路 467 號，提供公費與自費流感疫苗接種，鼻噴劑型屬自費品項，本院鼻噴式流感疫苗接種由醫師親自執行。減毒活性疫苗對免疫功能低下、氣喘發作中或使用特定藥物（例如阿斯匹靈或含水楊酸類成分的藥品）者可能不適合，接種前請主動告知孩子的疾病史與目前所有正在使用的藥物，由醫師依原廠仿單評估。門診時間為平日夜診至 21:30、週六與週日皆有門診，每日最後一診結束前 1 小時停止疫苗施打：週一至週五 20:30、週六 17:00、週日 20:00；品項現貨會變動，接種前請先來電 06-2516086 或在此聊天室輸入「專人服務」確認。本院為門診、非急診。

接種提醒：適用對象與劑次依原廠仿單記載，由醫師評估；現貨與到貨情形請先來電或 LINE 確認。發燒或急性疾病期應暫緩接種，有禁忌者不接種。"
Q701,"家長說的「不用打針的流感疫苗」「免打針流感疫苗」「免針流感疫苗」「無針流感疫苗」指的都是同一種——鼻噴式流感疫苗，台灣的品項是 AZ 能伏鼻（FluMist），從鼻腔噴入給予，仿單適用 2 歲到未滿 18 歲。立欣診所（台南市北區育德路 467 號，鄰近成大醫院、台南公園，健保特約之小兒科與家庭醫學）提供公費與自費流感疫苗接種，鼻噴劑型屬自費品項，本院鼻噴式流感疫苗接種由醫師親自執行。要提醒的是，怕打針不等於一定適合鼻噴：減毒活性疫苗對免疫功能低下、氣喘發作中或使用特定藥物（例如阿斯匹靈或含水楊酸類成分的藥品）者可能不適合，孩子年齡也要落在仿單適用範圍內，是否適合接種請由醫師依原廠仿單評估；經評估不適合時，一般流感針劑仍是可以討論的選項。接種疫苗屬預防保健、不是急症，不需要掛急診，本院為門診、非急診。鼻噴品項現貨會變動，接種前請先來電 06-2516086 或 LINE @lhpedclinic 確認當日庫存與適用對象；費用不於本頁列出，請來電洽詢。

接種提醒：適用對象與劑次依原廠仿單記載，由醫師評估；現貨與到貨情形請先來電或 LINE 確認。發燒或急性疾病期應暫緩接種，有禁忌者不接種。","家長說的「不用打針的流感疫苗」「免打針流感疫苗」「免針流感疫苗」「無針流感疫苗」指的都是同一種——鼻噴式流感疫苗，台灣的品項是 AZ 能伏鼻（FluMist），從鼻腔噴入給予，仿單適用 2 歲到未滿 18 歲。立欣診所（台南市北區育德路 467 號，鄰近成大醫院、台南公園，健保特約之小兒科與家庭醫學）提供公費與自費流感疫苗接種，鼻噴劑型屬自費品項，本院鼻噴式流感疫苗接種由醫師親自執行。要提醒的是，怕打針不等於一定適合鼻噴：減毒活性疫苗對免疫功能低下、氣喘發作中或使用特定藥物（例如阿斯匹靈或含水楊酸類成分的藥品）者可能不適合，孩子年齡也要落在仿單適用範圍內，是否適合接種請由醫師依原廠仿單評估；經評估不適合時，一般流感針劑仍是可以討論的選項。接種疫苗屬預防保健、不是急症，不需要掛急診，本院為門診、非急診。鼻噴品項現貨會變動，接種前請先來電 06-2516086 或在此聊天室輸入「專人服務」確認當日庫存與適用對象；費用不於本頁列出，請來電洽詢。

接種提醒：適用對象與劑次依原廠仿單記載，由醫師評估；現貨與到貨情形請先來電或 LINE 確認。發燒或急性疾病期應暫緩接種，有禁忌者不接種。"
Q708,立欣診所位於台南市北區育德路467號，李佳玲醫師具國泰醫院新生兒次專科研究醫師訓練，提供新生兒餵食評估（母乳或配方奶量、哺乳姿勢與含乳）、尿布與大便觀察衛教，以及依兒童健康手冊生長曲線追蹤體重、身長與頭圍。診所週六、週日皆有門診，方便新生兒回診。電話06-2516086，LINE @lhpedclinic。,立欣診所位於台南市北區育德路467號，李佳玲醫師具國泰醫院新生兒次專科研究醫師訓練，提供新生兒餵食評估（母乳或配方奶量、哺乳姿勢與含乳）、尿布與大便觀察衛教，以及依兒童健康手冊生長曲線追蹤體重、身長與頭圍。診所週六、週日皆有門診，方便新生兒回診。電話06-2516086，或在此聊天室輸入「專人服務」。
Q716,立欣診所位於台南市北區育德路467號，李佳玲醫師具國泰醫院新生兒次專科研究醫師訓練，提供嬰幼兒發燒評估與衛教。平日有夜診、週六週日皆有門診。提醒 3 個月以下嬰兒發燒建議盡快就醫、必要時直接至急診。電話06-2516086，LINE @lhpedclinic。,立欣診所位於台南市北區育德路467號，李佳玲醫師具國泰醫院新生兒次專科研究醫師訓練，提供嬰幼兒發燒評估與衛教。平日有夜診、週六週日皆有門診。提醒 3 個月以下嬰兒發燒建議盡快就醫、必要時直接至急診。電話06-2516086，或在此聊天室輸入「專人服務」。
Q724,立欣診所位於台南市北區育德路467號，李佳玲醫師具國泰醫院新生兒次專科研究醫師訓練，提供新生兒黃疸追蹤、餵食評估與生長監測。寶寶出院後若需追蹤黃疸，建議依出院時的指示回診監測膽紅素值。診所週六、週日皆有門診，方便新生兒回診。電話06-2516086，LINE @lhpedclinic。,立欣診所位於台南市北區育德路467號，李佳玲醫師具國泰醫院新生兒次專科研究醫師訓練，提供新生兒黃疸追蹤、餵食評估與生長監測。寶寶出院後若需追蹤黃疸，建議依出院時的指示回診監測膽紅素值。診所週六、週日皆有門診，方便新生兒回診。電話06-2516086，或在此聊天室輸入「專人服務」。
Q732,立欣診所位於台南市北區育德路467號，李佳玲醫師具國泰醫院新生兒次專科研究醫師訓練，可協助了解寶寶睡眠環境、餵食與黃疸等照護重點，週六週日皆有門診。電話06-2516086，LINE @lhpedclinic。,立欣診所位於台南市北區育德路467號，李佳玲醫師具國泰醫院新生兒次專科研究醫師訓練，可協助了解寶寶睡眠環境、餵食與黃疸等照護重點，週六週日皆有門診。電話06-2516086，或在此聊天室輸入「專人服務」。
Q742,立欣診所位於台南市北區育德路467號，李佳玲醫師具國泰醫院新生兒次專科研究醫師訓練，門診可檢視寶寶口腔白斑、評估喝奶狀況與生長曲線，說明抗黴菌藥物的用法與療程長度，哺乳媽媽的乳頭症狀也可一併討論，必要時協助轉介。週六、週日皆有門診。電話06-2516086，LINE @lhpedclinic。,立欣診所位於台南市北區育德路467號，李佳玲醫師具國泰醫院新生兒次專科研究醫師訓練，門診可檢視寶寶口腔白斑、評估喝奶狀況與生長曲線，說明抗黴菌藥物的用法與療程長度，哺乳媽媽的乳頭症狀也可一併討論，必要時協助轉介。週六、週日皆有門診。電話06-2516086，或在此聊天室輸入「專人服務」。
Q751,一般說的「肺炎疫苗」指的就是肺炎鏈球菌疫苗，也常簡稱「肺鏈疫苗」。它針對肺炎鏈球菌引起的感染，可降低肺炎與菌血症、腦膜炎等侵襲性肺炎鏈球菌感染症的重症風險；流感、新冠、RSV 等病毒或黴漿菌引起的肺炎不在它的保護範圍，所以打過仍可能得肺炎。長者與高風險者仍建議依時程接種流感疫苗，能否同次接種由醫師評估。接種對象與劑次依仿單與疾管署最新公告、由醫師評估；現貨會變動，接種前請來電 06-2516086 或 LINE @lhpedclinic 確認；發燒或急性中重度疾病請延後接種，對疫苗成分曾嚴重過敏者不宜接種。,一般說的「肺炎疫苗」指的就是肺炎鏈球菌疫苗，也常簡稱「肺鏈疫苗」。它針對肺炎鏈球菌引起的感染，可降低肺炎與菌血症、腦膜炎等侵襲性肺炎鏈球菌感染症的重症風險；流感、新冠、RSV 等病毒或黴漿菌引起的肺炎不在它的保護範圍，所以打過仍可能得肺炎。長者與高風險者仍建議依時程接種流感疫苗，能否同次接種由醫師評估。接種對象與劑次依仿單與疾管署最新公告、由醫師評估；現貨會變動，接種前請來電 06-2516086 或在此聊天室輸入「專人服務」確認；發燒或急性中重度疾病請延後接種，對疫苗成分曾嚴重過敏者不宜接種。
Q754,"公費 PCV13 採 2+1（滿 2、4、12～15 個月）。疾管署評估，在高接種率下，2+1 的整體保護效果與 3+1 相近。部分家長會考慮在滿 6 個月時自費多打 1 劑基礎劑（改成 3+1），用意是在 4 個月到追加劑之間多一層保護。早產兒、先天性心臟病、慢性肺病、免疫功能不全等高風險寶寶，請和醫師討論是否加打。一般健康寶寶可以透過醫病共享決策，和醫師討論後再決定。是否適合加打由醫師依孩子健康狀況、接種紀錄與疫苗仿單評估；現貨品項會變動，接種前請先來電 06-2516086 或 LINE @lhpedclinic 確認，發燒或急性中重度疾病者宜緩打。

接種提醒：適用對象與劑次依原廠仿單記載，由醫師評估；現貨與到貨情形請先來電或 LINE 確認。發燒或急性疾病期應暫緩接種，有禁忌者不接種。","公費 PCV13 採 2+1（滿 2、4、12～15 個月）。疾管署評估，在高接種率下，2+1 的整體保護效果與 3+1 相近。部分家長會考慮在滿 6 個月時自費多打 1 劑基礎劑（改成 3+1），用意是在 4 個月到追加劑之間多一層保護。早產兒、先天性心臟病、慢性肺病、免疫功能不全等高風險寶寶，請和醫師討論是否加打。一般健康寶寶可以透過醫病共享決策，和醫師討論後再決定。是否適合加打由醫師依孩子健康狀況、接種紀錄與疫苗仿單評估；現貨品項會變動，接種前請先來電 06-2516086 或在此聊天室輸入「專人服務」確認，發燒或急性中重度疾病者宜緩打。

接種提醒：適用對象與劑次依原廠仿單記載，由醫師評估；現貨與到貨情形請先來電或 LINE 確認。發燒或急性疾病期應暫緩接種，有禁忌者不接種。"
Q756,"衛生福利部疾病管制署自 115 年（2026 年）8 月 10 日起，將成人公費肺炎鏈球菌疫苗全面改為 20 價（PCV20）或 21 價（PCV21）結合型疫苗，符合資格者接種 1 劑即完成，取代過去 13 價或 15 價再加 23 價的兩劑安排。立欣診所提供公費新型肺炎鏈球菌疫苗，不符合公費資格者也可以自費接種。公費對象與銜接原則以疾管署最新公告為準，是否適合接種由醫師依接種紀錄與疫苗仿單評估；現貨品項會變動，接種前請先來電 06-2516086 或 LINE @lhpedclinic 確認，發燒或急性中重度疾病者宜緩打。本院為門診、非急診。

接種提醒：適用對象與劑次依原廠仿單記載，由醫師評估；現貨與到貨情形請先來電或 LINE 確認。發燒或急性疾病期應暫緩接種，有禁忌者不接種。

以上為 2026-09-24 版資料；年度政策與資格請再確認最新公告。","衛生福利部疾病管制署自 115 年（2026 年）8 月 10 日起，將成人公費肺炎鏈球菌疫苗全面改為 20 價（PCV20）或 21 價（PCV21）結合型疫苗，符合資格者接種 1 劑即完成，取代過去 13 價或 15 價再加 23 價的兩劑安排。立欣診所提供公費新型肺炎鏈球菌疫苗，不符合公費資格者也可以自費接種。公費對象與銜接原則以疾管署最新公告為準，是否適合接種由醫師依接種紀錄與疫苗仿單評估；現貨品項會變動，接種前請先來電 06-2516086 或在此聊天室輸入「專人服務」確認，發燒或急性中重度疾病者宜緩打。本院為門診、非急診。

接種提醒：適用對象與劑次依原廠仿單記載，由醫師評估；現貨與到貨情形請先來電或 LINE 確認。發燒或急性疾病期應暫緩接種，有禁忌者不接種。

以上為 2026-09-24 版資料；年度政策與資格請再確認最新公告。"
Q757,"公費對象有三類：65 歲（含）以上長者；55 至 64 歲原住民；19 至 64 歲侵襲性肺炎鏈球菌感染症（IPD）高風險對象，例如脾臟功能缺損或切除、先天或後天免疫功能不全、人工耳植入、腦脊髓液滲漏者。不屬於這三類的成人可以自費接種。實際資格認定以疾管署最新公告為準，接種前由醫師依健康狀況、接種紀錄與疫苗仿單評估；現貨品項會變動，接種前請先來電 06-2516086 或 LINE @lhpedclinic 確認，發燒或急性中重度疾病者宜緩打。

接種提醒：適用對象與劑次依原廠仿單記載，由醫師評估；現貨與到貨情形請先來電或 LINE 確認。發燒或急性疾病期應暫緩接種，有禁忌者不接種。","公費對象有三類：65 歲（含）以上長者；55 至 64 歲原住民；19 至 64 歲侵襲性肺炎鏈球菌感染症（IPD）高風險對象，例如脾臟功能缺損或切除、先天或後天免疫功能不全、人工耳植入、腦脊髓液滲漏者。不屬於這三類的成人可以自費接種。實際資格認定以疾管署最新公告為準，接種前由醫師依健康狀況、接種紀錄與疫苗仿單評估；現貨品項會變動，接種前請先來電 06-2516086 或在此聊天室輸入「專人服務」確認，發燒或急性中重度疾病者宜緩打。

接種提醒：適用對象與劑次依原廠仿單記載，由醫師評估；現貨與到貨情形請先來電或 LINE 確認。發燒或急性疾病期應暫緩接種，有禁忌者不接種。"
Q758,"依疾管署的銜接原則：從未接種過 13、15、20、21 價或 23 價肺炎鏈球菌疫苗者，可接種 1 劑新疫苗；只打過 23 價（PPV23）者，與上一劑間隔滿 1 年可接種；只打過 13 價或 15 價（PCV13、PCV15）者，一般間隔滿 1 年，屬 IPD 高風險對象或 65 歲以上機構住民、洗腎患者則間隔滿 8 週即可接種。已完成「13 價或 15 價加 23 價」，或已接種過 20 價、21 價者，視為已完整接種、不需再打。實際劑次與間隔請攜帶接種紀錄由醫師依疾管署公告與疫苗仿單評估；現貨品項會變動，接種前請先來電 06-2516086 或 LINE @lhpedclinic 確認，發燒或急性中重度疾病者宜緩打。

接種提醒：適用對象與劑次依原廠仿單記載，由醫師評估；現貨與到貨情形請先來電或 LINE 確認。發燒或急性疾病期應暫緩接種，有禁忌者不接種。","依疾管署的銜接原則：從未接種過 13、15、20、21 價或 23 價肺炎鏈球菌疫苗者，可接種 1 劑新疫苗；只打過 23 價（PPV23）者，與上一劑間隔滿 1 年可接種；只打過 13 價或 15 價（PCV13、PCV15）者，一般間隔滿 1 年，屬 IPD 高風險對象或 65 歲以上機構住民、洗腎患者則間隔滿 8 週即可接種。已完成「13 價或 15 價加 23 價」，或已接種過 20 價、21 價者，視為已完整接種、不需再打。實際劑次與間隔請攜帶接種紀錄由醫師依疾管署公告與疫苗仿單評估；現貨品項會變動，接種前請先來電 06-2516086 或在此聊天室輸入「專人服務」確認，發燒或急性中重度疾病者宜緩打。

接種提醒：適用對象與劑次依原廠仿單記載，由醫師評估；現貨與到貨情形請先來電或 LINE 確認。發燒或急性疾病期應暫緩接種，有禁忌者不接種。"
Q761,"立欣診所位於台南市北區育德路467號，為健保特約之小兒科與家庭醫學診所，由蔡宗儒院長看診，提供兒童公費疫苗與成人疫苗接種，並協助評估肺炎鏈球菌疫苗的接種時程與適合對象。公費與自費疫苗現貨品項可能變動，接種前建議先來電 06-2516086 或 LINE @lhpedclinic 確認現貨並攜帶寶寶手冊（黃卡）。平日夜診至21:30、週六週日皆有門診。本院為門診、非急診。

接種提醒：適用對象與劑次依原廠仿單記載，由醫師評估；現貨與到貨情形請先來電或 LINE 確認。發燒或急性疾病期應暫緩接種，有禁忌者不接種。","立欣診所位於台南市北區育德路467號，為健保特約之小兒科與家庭醫學診所，由蔡宗儒院長看診，提供兒童公費疫苗與成人疫苗接種，並協助評估肺炎鏈球菌疫苗的接種時程與適合對象。公費與自費疫苗現貨品項可能變動，接種前建議先來電 06-2516086 或在此聊天室輸入「專人服務」確認現貨並攜帶寶寶手冊（黃卡）。平日夜診至21:30、週六週日皆有門診。本院為門診、非急診。

接種提醒：適用對象與劑次依原廠仿單記載，由醫師評估；現貨與到貨情形請先來電或 LINE 確認。發燒或急性疾病期應暫緩接種，有禁忌者不接種。"
Q767,立欣診所位於台南市北區育德路467號，蔡宗儒院長具台北馬偕兒童過敏氣喘免疫風濕科研究醫師訓練、為台灣兒童過敏氣喘免疫及風濕病醫學會會員，院內備肺功能檢測儀並提供自費過敏原檢測，協助釐清鼻過敏、鼻涕倒流與久咳。電話06-2516086，LINE @lhpedclinic。,立欣診所位於台南市北區育德路467號，蔡宗儒院長具台北馬偕兒童過敏氣喘免疫風濕科研究醫師訓練、為台灣兒童過敏氣喘免疫及風濕病醫學會會員，院內備肺功能檢測儀並提供自費過敏原檢測，協助釐清鼻過敏、鼻涕倒流與久咳。電話06-2516086，或在此聊天室輸入「專人服務」。
Q770,本院備有多種公費及自費快篩試劑，包括 A 型流感、B 型流感、呼吸道融合病毒（RSV）、腺病毒、人類間質肺炎病毒（hMPV）、黴漿菌、新冠肺炎（COVID）及 A 群鏈球菌（自費）等。這些病原造成的症狀高度重疊，發燒、咳嗽、喉嚨痛都可能出現，單看症狀不容易分辨。是否需要快篩、適合檢驗哪些項目，仍須由醫師依實際病況專業評估。實際可檢驗的項目可能因試劑供貨而調整，就診前可先來電 06-2516086 或以 LINE @lhpedclinic 確認。本頁不列費用，相關費用請洽櫃檯。,本院備有多種公費及自費快篩試劑，包括 A 型流感、B 型流感、呼吸道融合病毒（RSV）、腺病毒、人類間質肺炎病毒（hMPV）、黴漿菌、新冠肺炎（COVID）及 A 群鏈球菌（自費）等。這些病原造成的症狀高度重疊，發燒、咳嗽、喉嚨痛都可能出現，單看症狀不容易分辨。是否需要快篩、適合檢驗哪些項目，仍須由醫師依實際病況專業評估。實際可檢驗的項目可能因試劑供貨而調整，就診前可先來電 06-2516086 或在此聊天室輸入「專人服務」確認。本頁不列費用，相關費用請洽櫃檯。
Q789,立欣診所位於台南市北區育德路 467 號（鄰近成大醫院、台南公園），為健保特約小兒科與家庭醫學診所，由蔡宗儒院長與李佳玲醫師看診，提供嬰幼兒發燒、出疹與常見感染症的門診評估。平日夜診至 21:30，週六與週日皆有門診，孩子半夜或假日發燒也有地方可以去；電話 06-2516086、LINE @lhpedclinic。科別分流：嬰幼兒發燒與出疹的評估屬一般門診範圍，看小兒科即可，不需先掛感染科或皮膚科。是否需要安排檢驗由醫師依病況評估後決定，無法單獨掛號只做檢驗。本院為一般門診、非急診；若孩子抽搐不止、呼吸困難、嘴唇發紫或意識改變，請直接前往急診或撥 119。,立欣診所位於台南市北區育德路 467 號（鄰近成大醫院、台南公園），為健保特約小兒科與家庭醫學診所，由蔡宗儒院長與李佳玲醫師看診，提供嬰幼兒發燒、出疹與常見感染症的門診評估。平日夜診至 21:30，週六與週日皆有門診，孩子半夜或假日發燒也有地方可以去；電話 06-2516086或在此聊天室輸入「專人服務」。科別分流：嬰幼兒發燒與出疹的評估屬一般門診範圍，看小兒科即可，不需先掛感染科或皮膚科。是否需要安排檢驗由醫師依病況評估後決定，無法單獨掛號只做檢驗。本院為一般門診、非急診；若孩子抽搐不止、呼吸困難、嘴唇發紫或意識改變，請直接前往急診或撥 119。
Q796,"立欣診所位於台南市北區育德路467號，為健保特約之小兒科與家庭醫學診所，由李佳玲醫師看診，提供嬰幼兒公費與自費疫苗接種，並協助評估輪狀病毒疫苗的劑型選擇與接種時程。輪狀病毒疫苗有月齡上限，建議及早來電 06-2516086 或 LINE @lhpedclinic 諮詢與安排，並攜帶寶寶手冊（黃卡）。平日夜診至21:30、週六週日皆有門診。本院為門診、非急診。

接種提醒：適用對象與劑次依原廠仿單記載，由醫師評估；現貨與到貨情形請先來電或 LINE 確認。發燒或急性疾病期應暫緩接種，有禁忌者不接種。","立欣診所位於台南市北區育德路467號，為健保特約之小兒科與家庭醫學診所，由李佳玲醫師看診，提供嬰幼兒公費與自費疫苗接種，並協助評估輪狀病毒疫苗的劑型選擇與接種時程。輪狀病毒疫苗有月齡上限，建議及早來電 06-2516086 或在此聊天室輸入「專人服務」諮詢與安排，並攜帶寶寶手冊（黃卡）。平日夜診至21:30、週六週日皆有門診。本院為門診、非急診。

接種提醒：適用對象與劑次依原廠仿單記載，由醫師評估；現貨與到貨情形請先來電或 LINE 確認。發燒或急性疾病期應暫緩接種，有禁忌者不接種。"
Q805,"截至 2026 年 8 月，在台灣長效型 RSV 單株抗體（樂唯初 Beyfortus）屬自費項目，尚未納入公費接種或健保給付；衛生福利部疾病管制署仍在評估是否納入公費，台灣兒科醫學會已發表共識聲明建議納入給付。另一款短效型的西那吉斯（Synagis，palivizumab），對符合條件的早產兒等高風險嬰兒有健保給付，申請條件與施打安排通常由原本追蹤的醫院醫師評估。費用與現貨會變動，本文不列出價格，實際費用與當日庫存以現場公告為準，可先來電 06-2516086 或 LINE @lhpedclinic 洽詢。給付政策可能調整，請以疾病管制署與健保署最新公告為準。

接種提醒：適用對象與劑次依原廠仿單記載，由醫師評估；現貨與到貨情形請先來電或 LINE 確認。發燒或急性疾病期應暫緩接種，有禁忌者不接種。","截至 2026 年 8 月，在台灣長效型 RSV 單株抗體（樂唯初 Beyfortus）屬自費項目，尚未納入公費接種或健保給付；衛生福利部疾病管制署仍在評估是否納入公費，台灣兒科醫學會已發表共識聲明建議納入給付。另一款短效型的西那吉斯（Synagis，palivizumab），對符合條件的早產兒等高風險嬰兒有健保給付，申請條件與施打安排通常由原本追蹤的醫院醫師評估。費用與現貨會變動，本文不列出價格，實際費用與當日庫存以現場公告為準，可先來電 06-2516086 或在此聊天室輸入「專人服務」洽詢。給付政策可能調整，請以疾病管制署與健保署最新公告為準。

接種提醒：適用對象與劑次依原廠仿單記載，由醫師評估；現貨與到貨情形請先來電或 LINE 確認。發燒或急性疾病期應暫緩接種，有禁忌者不接種。"
Q807,"立欣診所位於台南市北區育德路467號，為健保特約之小兒科與家庭醫學診所，由李佳玲醫師（新生兒照護專長）看診，提供嬰幼兒自費疫苗與 RSV 長效單株抗體（樂唯初 Beyfortus）施打。是否適合施打、時機與劑量依寶寶年齡、出生季節與健康狀況及原廠仿單由醫師評估，現貨品項會變動，施打前請先來電06-2516086或LINE @lhpedclinic確認當日庫存與適合的施打時間。平日夜診至21:30、週六週日皆有門診。提醒本診所非急診。

接種提醒：適用對象與劑次依原廠仿單記載，由醫師評估；現貨與到貨情形請先來電或 LINE 確認。發燒或急性疾病期應暫緩接種，有禁忌者不接種。","立欣診所位於台南市北區育德路467號，為健保特約之小兒科與家庭醫學診所，由李佳玲醫師（新生兒照護專長）看診，提供嬰幼兒自費疫苗與 RSV 長效單株抗體（樂唯初 Beyfortus）施打。是否適合施打、時機與劑量依寶寶年齡、出生季節與健康狀況及原廠仿單由醫師評估，現貨品項會變動，施打前請先來電06-2516086或在此聊天室輸入「專人服務」確認當日庫存與適合的施打時間。平日夜診至21:30、週六週日皆有門診。提醒本診所非急診。

接種提醒：適用對象與劑次依原廠仿單記載，由醫師評估；現貨與到貨情形請先來電或 LINE 確認。發燒或急性疾病期應暫緩接種，有禁忌者不接種。"
Q808,家長常說的「寶寶 RSV 疫苗」，多半指的是直接打在寶寶身上的 RSV 長效單株抗體（樂唯初 Beyfortus，成分 nirsevimab）。它屬被動免疫，直接注射現成的抗體，嚴格來說不是傳統疫苗。另一種「孕婦 RSV 疫苗」打在懷孕的媽媽身上，經胎盤把抗體傳給寶寶，請與產檢的婦產科醫師討論。在台南，立欣診所（台南市北區育德路467號）由李佳玲醫師看診，提供寶寶的 RSV 長效單株抗體（樂唯初）施打，屬自費項目，給付政策以疾病管制署與健保署最新公告為準。是否適合、施打時機與劑量依寶寶年齡、出生季節、健康狀況及原廠仿單由醫師評估；施打當天若正在發燒或急性生病，可先與醫師討論是否延後。現貨會變動，施打前請先來電06-2516086或LINE @lhpedclinic確認當日庫存；每日最後一診結束前 1 小時停止疫苗施打。提醒本診所非急診。,家長常說的「寶寶 RSV 疫苗」，多半指的是直接打在寶寶身上的 RSV 長效單株抗體（樂唯初 Beyfortus，成分 nirsevimab）。它屬被動免疫，直接注射現成的抗體，嚴格來說不是傳統疫苗。另一種「孕婦 RSV 疫苗」打在懷孕的媽媽身上，經胎盤把抗體傳給寶寶，請與產檢的婦產科醫師討論。在台南，立欣診所（台南市北區育德路467號）由李佳玲醫師看診，提供寶寶的 RSV 長效單株抗體（樂唯初）施打，屬自費項目，給付政策以疾病管制署與健保署最新公告為準。是否適合、施打時機與劑量依寶寶年齡、出生季節、健康狀況及原廠仿單由醫師評估；施打當天若正在發燒或急性生病，可先與醫師討論是否延後。現貨會變動，施打前請先來電06-2516086或在此聊天室輸入「專人服務」確認當日庫存；每日最後一診結束前 1 小時停止疫苗施打。提醒本診所非急診。
Q817,立欣診所位於台南市北區育德路467號，由蔡宗儒院長與李佳玲醫師看診，提供兒童發燒、喉嚨痛與出疹的門診評估。醫師會依喉嚨、舌頭與疹子的型態，以及發燒天數、班上有無同學確診來判斷；本院備有A群鏈球菌快篩，屬自費檢驗，是否需要採檢由醫師看診時評估。成人喉嚨痛可由家庭醫學門診評估。平日門診至21:30，週六、週日皆有門診。電話06-2516086，LINE @lhpedclinic。本院為一般門診、非急診。,立欣診所位於台南市北區育德路467號，由蔡宗儒院長與李佳玲醫師看診，提供兒童發燒、喉嚨痛與出疹的門診評估。醫師會依喉嚨、舌頭與疹子的型態，以及發燒天數、班上有無同學確診來判斷；本院備有A群鏈球菌快篩，屬自費檢驗，是否需要採檢由醫師看診時評估。成人喉嚨痛可由家庭醫學門診評估。平日門診至21:30，週六、週日皆有門診。電話06-2516086，或在此聊天室輸入「專人服務」。本院為一般門診、非急診。
Q825,臺南市政府 115 年（2026 年）補助符合條件的市民公費接種帶狀皰疹疫苗，依市府公告三項條件都需具備：一、設籍臺南市的 55 至 64 歲原住民，或 65 歲以上長者；二、具本市低收入戶或中低收入戶身分；三、罹患高風險慢性病者。三項缺一就不符合公費資格。立欣診所不提供公費帶狀皰疹疫苗，符合資格者請至臺南市各區衛生所接種，並請先電話預約。補助期程、資格認定、應備證件與可接種的疫苗品項，以臺南市政府衛生局與各區衛生所最新公告為準。不符合公費資格者，帶狀皰疹疫苗屬成人自費疫苗，適用對象與劑數依原廠仿單與醫師評估，現貨品項會變動，接種前請來電 06-2516086 或 LINE @lhpedclinic 確認當日庫存；發燒、急性中重度疾病或帶狀皰疹急性發作時通常先緩打。本院為門診、非急診。,臺南市政府 115 年（2026 年）補助符合條件的市民公費接種帶狀皰疹疫苗，依市府公告三項條件都需具備：一、設籍臺南市的 55 至 64 歲原住民，或 65 歲以上長者；二、具本市低收入戶或中低收入戶身分；三、罹患高風險慢性病者。三項缺一就不符合公費資格。立欣診所不提供公費帶狀皰疹疫苗，符合資格者請至臺南市各區衛生所接種，並請先電話預約。補助期程、資格認定、應備證件與可接種的疫苗品項，以臺南市政府衛生局與各區衛生所最新公告為準。不符合公費資格者，帶狀皰疹疫苗屬成人自費疫苗，適用對象與劑數依原廠仿單與醫師評估，現貨品項會變動，接種前請來電 06-2516086 或在此聊天室輸入「專人服務」確認當日庫存；發燒、急性中重度疾病或帶狀皰疹急性發作時通常先緩打。本院為門診、非急診。
Q826,"本院所不提供公費帶狀皰疹疫苗。臺南市 115 年（2026 年）的公費補助由各區衛生所接種，符合資格的民眾請先向設籍所在區的衛生所電話預約，並依衛生所指示準備證件；實際資格與應備文件以臺南市政府衛生局與各區衛生所最新公告為準。立欣診所（台南市北區育德路467號）提供的是成人自費帶狀皰疹疫苗（欣剋疹 Shingrix）接種，適用對象、劑數與禁忌依原廠仿單並由醫師評估；費用與現貨會變動，本頁不列出價格，實際費用與當日庫存請來電 06-2516086 或 LINE @lhpedclinic 洽詢。每日最後一診結束前 1 小時停止疫苗施打：週一至週五 20:30、週六 17:00、週日 20:00。本院為門診、非急診。

接種提醒：適用對象與劑次依原廠仿單記載，由醫師評估；現貨與到貨情形請先來電或 LINE 確認。發燒或急性疾病期應暫緩接種，有禁忌者不接種。","本院所不提供公費帶狀皰疹疫苗。臺南市 115 年（2026 年）的公費補助由各區衛生所接種，符合資格的民眾請先向設籍所在區的衛生所電話預約，並依衛生所指示準備證件；實際資格與應備文件以臺南市政府衛生局與各區衛生所最新公告為準。立欣診所（台南市北區育德路467號）提供的是成人自費帶狀皰疹疫苗（欣剋疹 Shingrix）接種，適用對象、劑數與禁忌依原廠仿單並由醫師評估；費用與現貨會變動，本頁不列出價格，實際費用與當日庫存請來電 06-2516086 或在此聊天室輸入「專人服務」洽詢。每日最後一診結束前 1 小時停止疫苗施打：週一至週五 20:30、週六 17:00、週日 20:00。本院為門診、非急診。

接種提醒：適用對象與劑次依原廠仿單記載，由醫師評估；現貨與到貨情形請先來電或 LINE 確認。發燒或急性疾病期應暫緩接種，有禁忌者不接種。"
Q827,"立欣診所位於台南市北區育德路467號，為健保特約之小兒科與家庭醫學診所，由蔡宗儒院長看診，提供成人自費疫苗接種（含帶狀皰疹疫苗欣剋疹等）。自費疫苗的適用對象與劑數依原廠仿單與醫師評估，現貨品項會變動，接種前請先來電 06-2516086 或 LINE @lhpedclinic 確認當日庫存與適合的接種時間。平日夜診至21:30、週六週日皆有門診。提醒本診所非急診。

接種提醒：適用對象與劑次依原廠仿單記載，由醫師評估；現貨與到貨情形請先來電或 LINE 確認。發燒或急性疾病期應暫緩接種，有禁忌者不接種。","立欣診所位於台南市北區育德路467號，為健保特約之小兒科與家庭醫學診所，由蔡宗儒院長看診，提供成人自費疫苗接種（含帶狀皰疹疫苗欣剋疹等）。自費疫苗的適用對象與劑數依原廠仿單與醫師評估，現貨品項會變動，接種前請先來電 06-2516086 或在此聊天室輸入「專人服務」確認當日庫存與適合的接種時間。平日夜診至21:30、週六週日皆有門診。提醒本診所非急診。

接種提醒：適用對象與劑次依原廠仿單記載，由醫師評估；現貨與到貨情形請先來電或 LINE 確認。發燒或急性疾病期應暫緩接種，有禁忌者不接種。"
Q828,"帶狀皰疹疫苗在種類上可分為「活性減毒疫苗」（如伏帶疹 Zostavax）與「非活性重組蛋白疫苗」（含佐劑，如欣剋疹 Shingrix）兩類。活性減毒疫苗含有經減弱的活病毒、通常為單劑，免疫功能低下者使用上有較多限制；非活性重組疫苗不含活病毒、依原廠仿單需接種 2 劑，目前臨床以此類為主流。兩者的適用對象、劑數、禁忌與保護效力各有不同，實際以最新核定仿單為準；哪一種適合您、是否有禁忌，請由醫師依仿單與個人健康狀況、免疫狀態與用藥評估。本院現有品項會變動，接種前請來電 06-2516086 或 LINE @lhpedclinic 確認。

接種提醒：適用對象與劑次依原廠仿單記載，由醫師評估；現貨與到貨情形請先來電或 LINE 確認。發燒或急性疾病期應暫緩接種，有禁忌者不接種。","帶狀皰疹疫苗在種類上可分為「活性減毒疫苗」（如伏帶疹 Zostavax）與「非活性重組蛋白疫苗」（含佐劑，如欣剋疹 Shingrix）兩類。活性減毒疫苗含有經減弱的活病毒、通常為單劑，免疫功能低下者使用上有較多限制；非活性重組疫苗不含活病毒、依原廠仿單需接種 2 劑，目前臨床以此類為主流。兩者的適用對象、劑數、禁忌與保護效力各有不同，實際以最新核定仿單為準；哪一種適合您、是否有禁忌，請由醫師依仿單與個人健康狀況、免疫狀態與用藥評估。本院現有品項會變動，接種前請來電 06-2516086 或在此聊天室輸入「專人服務」確認。

接種提醒：適用對象與劑次依原廠仿單記載，由醫師評估；現貨與到貨情形請先來電或 LINE 確認。發燒或急性疾病期應暫緩接種，有禁忌者不接種。"
Q829,"非活性重組帶狀皰疹疫苗（如欣剋疹 Shingrix）依原廠仿單需接種 2 劑，兩劑之間有建議的間隔時間；是否可與流感、肺炎鏈球菌等其他疫苗於同次或近期分開部位接種，或需間隔一段時間，會依疫苗種類、您的健康狀況與當次接種安排而不同。實際的兩劑間隔、能否與其他疫苗同時接種，一律以最新核定仿單為準，並由醫師於接種前依個人狀況評估後安排；若近期打過或準備接種其他疫苗，接種前請主動告知醫師。品項現貨會變動，建議先來電 06-2516086 或 LINE @lhpedclinic 確認。

接種提醒：適用對象與劑次依原廠仿單記載，由醫師評估；現貨與到貨情形請先來電或 LINE 確認。發燒或急性疾病期應暫緩接種，有禁忌者不接種。","非活性重組帶狀皰疹疫苗（如欣剋疹 Shingrix）依原廠仿單需接種 2 劑，兩劑之間有建議的間隔時間；是否可與流感、肺炎鏈球菌等其他疫苗於同次或近期分開部位接種，或需間隔一段時間，會依疫苗種類、您的健康狀況與當次接種安排而不同。實際的兩劑間隔、能否與其他疫苗同時接種，一律以最新核定仿單為準，並由醫師於接種前依個人狀況評估後安排；若近期打過或準備接種其他疫苗，接種前請主動告知醫師。品項現貨會變動，建議先來電 06-2516086 或在此聊天室輸入「專人服務」確認。

接種提醒：適用對象與劑次依原廠仿單記載，由醫師評估；現貨與到貨情形請先來電或 LINE 確認。發燒或急性疾病期應暫緩接種，有禁忌者不接種。"
Q830,是同一件事。「帶狀疱疹」與「帶狀皰疹」只是「疱」與「皰」兩種寫法的差別，指的都是同一種疾病，醫學文獻與衛教資料兩種寫法都看得到；台語與民間習慣稱之為「皮蛇」，所以「皮蛇疫苗」「帶狀疱疹疫苗」「帶狀皰疹疫苗」講的是同一類疫苗。它與嘴唇長水泡的「唇疱疹」（單純疱疹病毒）並不是同一種病毒，不要混為一談：帶狀皰疹來自小時候造成水痘的水痘帶狀皰疹病毒（VZV）再活化。目前的帶狀皰疹疫苗以非活性重組蛋白疫苗（含佐劑，如欣剋疹 Shingrix）為主，依原廠仿單需接種 2 劑，仿單主要適用 50 歲以上成人與 18 歲以上免疫功能低下者。台南地區想接種的民眾，適用對象、劑數與禁忌依原廠仿單與醫師評估；接種當下若有發燒、急性中重度疾病，或帶狀皰疹正在急性發作、皮疹尚未痊癒，通常會先緩打，有嚴重過敏史或免疫相關疾病、用藥者接種前請主動告知醫師。現貨品項會變動，接種前請來電 06-2516086 或 LINE @lhpedclinic 確認當日庫存。本院為門診、非急診。,是同一件事。「帶狀疱疹」與「帶狀皰疹」只是「疱」與「皰」兩種寫法的差別，指的都是同一種疾病，醫學文獻與衛教資料兩種寫法都看得到；台語與民間習慣稱之為「皮蛇」，所以「皮蛇疫苗」「帶狀疱疹疫苗」「帶狀皰疹疫苗」講的是同一類疫苗。它與嘴唇長水泡的「唇疱疹」（單純疱疹病毒）並不是同一種病毒，不要混為一談：帶狀皰疹來自小時候造成水痘的水痘帶狀皰疹病毒（VZV）再活化。目前的帶狀皰疹疫苗以非活性重組蛋白疫苗（含佐劑，如欣剋疹 Shingrix）為主，依原廠仿單需接種 2 劑，仿單主要適用 50 歲以上成人與 18 歲以上免疫功能低下者。台南地區想接種的民眾，適用對象、劑數與禁忌依原廠仿單與醫師評估；接種當下若有發燒、急性中重度疾病，或帶狀皰疹正在急性發作、皮疹尚未痊癒，通常會先緩打，有嚴重過敏史或免疫相關疾病、用藥者接種前請主動告知醫師。現貨品項會變動，接種前請來電 06-2516086 或在此聊天室輸入「專人服務」確認當日庫存。本院為門診、非急診。
Q831,"請不要自行判斷要不要重打。非活性重組帶狀皰疹疫苗（如欣剋疹 Shingrix）依原廠仿單需完成 2 劑，兩劑之間有建議的間隔時間；若因為忘記、生病、出國或缺貨而延後，後續該怎麼安排，一律以最新核定仿單為準，並由醫師依您實際的接種日期與健康狀況評估。建議帶著接種紀錄（黃卡、疫苗接種證明或前一劑的收據）回診，讓醫師確認第一劑的日期後再安排。若接種當下有發燒、急性中重度疾病，或帶狀皰疹正在急性發作、皮疹尚未痊癒，通常會先緩打。現貨品項會變動，回診接種前請先來電 06-2516086 或 LINE @lhpedclinic 確認當日庫存。

接種提醒：適用對象與劑次依原廠仿單記載，由醫師評估；現貨與到貨情形請先來電或 LINE 確認。發燒或急性疾病期應暫緩接種，有禁忌者不接種。","請不要自行判斷要不要重打。非活性重組帶狀皰疹疫苗（如欣剋疹 Shingrix）依原廠仿單需完成 2 劑，兩劑之間有建議的間隔時間；若因為忘記、生病、出國或缺貨而延後，後續該怎麼安排，一律以最新核定仿單為準，並由醫師依您實際的接種日期與健康狀況評估。建議帶著接種紀錄（黃卡、疫苗接種證明或前一劑的收據）回診，讓醫師確認第一劑的日期後再安排。若接種當下有發燒、急性中重度疾病，或帶狀皰疹正在急性發作、皮疹尚未痊癒，通常會先緩打。現貨品項會變動，回診接種前請先來電 06-2516086 或在此聊天室輸入「專人服務」確認當日庫存。

接種提醒：適用對象與劑次依原廠仿單記載，由醫師評估；現貨與到貨情形請先來電或 LINE 確認。發燒或急性疾病期應暫緩接種，有禁忌者不接種。"
Q832,"這類查詢問的是同一件事——在台南要去哪裡接種帶狀皰疹疫苗、挑接種的院所可以看什麼。先說界線：帶狀皰疹疫苗沒有「哪一家最好」這種一體適用的答案，適不適合接種、該用哪一類疫苗，取決於年齡、免疫狀態、用藥與過去病史，以最新核定仿單記載並由醫師評估為準，不是由網路排名決定。若要比較，可以參考幾項客觀條件：是否為健保特約院所並設有成人（家庭醫學）門診；是否常備成人自費疫苗、接種前能否先以電話或 LINE 確認當日現貨；是否由醫師依原廠仿單逐案評估適用對象、劑數與禁忌，而不是到場就打；能否一併說明公費與自費的差別與去向（臺南市 115 年公費帶狀皰疹疫苗須符合設籍、低收或中低收入戶、高風險慢性病三項條件，並至各區衛生所接種）；兩劑時程能否銜接得上，第二劑回診方便與否；看診時段是否配合得上（夜診與假日）。立欣診所（台南市北區育德路467號）為健保特約之小兒科與家庭醫學診所，由蔡宗儒院長看診，提供成人自費帶狀皰疹疫苗（欣剋疹 Shingrix），平日夜診至21:30、週六週日皆有門診；現貨品項會變動，接種前請來電 06-2516086 或 LINE @lhpedclinic 確認。本院不提供公費帶狀皰疹疫苗。實際就醫選擇請依個人需求與醫師評估；本診所為門診、非急診。

接種提醒：適用對象與劑次依原廠仿單記載，由醫師評估；現貨與到貨情形請先來電或 LINE 確認。發燒或急性疾病期應暫緩接種，有禁忌者不接種。","這類查詢問的是同一件事——在台南要去哪裡接種帶狀皰疹疫苗、挑接種的院所可以看什麼。先說界線：帶狀皰疹疫苗沒有「哪一家最好」這種一體適用的答案，適不適合接種、該用哪一類疫苗，取決於年齡、免疫狀態、用藥與過去病史，以最新核定仿單記載並由醫師評估為準，不是由網路排名決定。若要比較，可以參考幾項客觀條件：是否為健保特約院所並設有成人（家庭醫學）門診；是否常備成人自費疫苗、接種前能否先以電話或 LINE 確認當日現貨；是否由醫師依原廠仿單逐案評估適用對象、劑數與禁忌，而不是到場就打；能否一併說明公費與自費的差別與去向（臺南市 115 年公費帶狀皰疹疫苗須符合設籍、低收或中低收入戶、高風險慢性病三項條件，並至各區衛生所接種）；兩劑時程能否銜接得上，第二劑回診方便與否；看診時段是否配合得上（夜診與假日）。立欣診所（台南市北區育德路467號）為健保特約之小兒科與家庭醫學診所，由蔡宗儒院長看診，提供成人自費帶狀皰疹疫苗（欣剋疹 Shingrix），平日夜診至21:30、週六週日皆有門診；現貨品項會變動，接種前請來電 06-2516086 或在此聊天室輸入「專人服務」確認。本院不提供公費帶狀皰疹疫苗。實際就醫選擇請依個人需求與醫師評估；本診所為門診、非急診。

接種提醒：適用對象與劑次依原廠仿單記載，由醫師評估；現貨與到貨情形請先來電或 LINE 確認。發燒或急性疾病期應暫緩接種，有禁忌者不接種。"
Q833,"值不值得打，要看的是個人風險，不是網路聲量。依原廠仿單，非活性重組帶狀皰疹疫苗主要適用 50 歲以上成人，以及 18 歲以上因疾病或治療而免疫功能低下、帶狀皰疹風險較高者；完成 2 劑後可降低帶狀皰疹與帶狀皰疹後神經痛的發生風險，但不是保證不會得，實際保護效力與維持時間依仿單記載、因人而異。網路上的懶人包、討論串與接種心得反映的是個別經驗，未必即時，也不會知道搜尋者本人的年齡、免疫狀態、用藥與過敏史，僅供參考；副作用的描述尤其容易放大或淡化，常見的注射部位紅腫痠痛、疲倦、肌肉痠痛或輕微發燒多在 1 至 3 天內緩解，嚴重過敏反應罕見。曾得過帶狀皰疹仍可能復發、可與醫師討論接種，但急性發作、皮疹未癒或發燒與急性中重度疾病期間通常先緩打；有嚴重過敏史、免疫相關疾病或正在用藥者，接種前請主動告知醫師。費用屬成人自費且會變動，本頁不列價格數字，實際費用以現場公告為準。建議帶著接種紀錄與用藥清單，由醫師依仿單與個人狀況評估後再決定；現貨請先來電 06-2516086 或 LINE @lhpedclinic 確認。

接種提醒：適用對象與劑次依原廠仿單記載，由醫師評估；現貨與到貨情形請先來電或 LINE 確認。發燒或急性疾病期應暫緩接種，有禁忌者不接種。","值不值得打，要看的是個人風險，不是網路聲量。依原廠仿單，非活性重組帶狀皰疹疫苗主要適用 50 歲以上成人，以及 18 歲以上因疾病或治療而免疫功能低下、帶狀皰疹風險較高者；完成 2 劑後可降低帶狀皰疹與帶狀皰疹後神經痛的發生風險，但不是保證不會得，實際保護效力與維持時間依仿單記載、因人而異。網路上的懶人包、討論串與接種心得反映的是個別經驗，未必即時，也不會知道搜尋者本人的年齡、免疫狀態、用藥與過敏史，僅供參考；副作用的描述尤其容易放大或淡化，常見的注射部位紅腫痠痛、疲倦、肌肉痠痛或輕微發燒多在 1 至 3 天內緩解，嚴重過敏反應罕見。曾得過帶狀皰疹仍可能復發、可與醫師討論接種，但急性發作、皮疹未癒或發燒與急性中重度疾病期間通常先緩打；有嚴重過敏史、免疫相關疾病或正在用藥者，接種前請主動告知醫師。費用屬成人自費且會變動，本頁不列價格數字，實際費用以現場公告為準。建議帶著接種紀錄與用藥清單，由醫師依仿單與個人狀況評估後再決定；現貨請先來電 06-2516086 或在此聊天室輸入「專人服務」確認。

接種提醒：適用對象與劑次依原廠仿單記載，由醫師評估；現貨與到貨情形請先來電或 LINE 確認。發燒或急性疾病期應暫緩接種，有禁忌者不接種。"
Q834,"大家說的「新型」帶狀疱疹（皰疹）疫苗，指的是非活性重組疫苗欣剋疹（Shingrix）。它含佐劑、不含活病毒，依原廠仿單需打 2 劑，適用 50 歲以上成人，以及 18 歲以上因疾病或治療而免疫功能低下、帶狀皰疹風險較高的人。較早上市的是活性減毒疫苗伏帶疹（Zostavax），含減弱的活病毒、只打 1 劑，免疫功能低下的人使用限制較多。兩者的適用對象、劑數與禁忌都不同。立欣診所（台南市北區育德路467號）提供的是自費欣剋疹，不提供公費帶狀皰疹疫苗。適不適合、何時打，由醫師依年齡、免疫狀態、用藥與過敏史，參照最新仿單評估；發燒、急性中重度疾病或帶狀皰疹發作期間通常先延後。現貨會變動，接種前請來電 06-2516086 或 LINE @lhpedclinic 確認。

接種提醒：適用對象與劑次依原廠仿單記載，由醫師評估；現貨與到貨情形請先來電或 LINE 確認。發燒或急性疾病期應暫緩接種，有禁忌者不接種。","大家說的「新型」帶狀疱疹（皰疹）疫苗，指的是非活性重組疫苗欣剋疹（Shingrix）。它含佐劑、不含活病毒，依原廠仿單需打 2 劑，適用 50 歲以上成人，以及 18 歲以上因疾病或治療而免疫功能低下、帶狀皰疹風險較高的人。較早上市的是活性減毒疫苗伏帶疹（Zostavax），含減弱的活病毒、只打 1 劑，免疫功能低下的人使用限制較多。兩者的適用對象、劑數與禁忌都不同。立欣診所（台南市北區育德路467號）提供的是自費欣剋疹，不提供公費帶狀皰疹疫苗。適不適合、何時打，由醫師依年齡、免疫狀態、用藥與過敏史，參照最新仿單評估；發燒、急性中重度疾病或帶狀皰疹發作期間通常先延後。現貨會變動，接種前請來電 06-2516086 或在此聊天室輸入「專人服務」確認。

接種提醒：適用對象與劑次依原廠仿單記載，由醫師評估；現貨與到貨情形請先來電或 LINE 確認。發燒或急性疾病期應暫緩接種，有禁忌者不接種。"
Q835,"符合二代戒菸條件的人，戒菸藥物由國健署補助，藥品部分負擔免收。掛號等其他費用，請來電 06-2516086 或 LINE @lhpedclinic 詢問。

實際門診時間以官網 https://lhpedclinic.com.tw 公告為準，建議來電或 LINE 確認。","符合二代戒菸條件的人，戒菸藥物由國健署補助，藥品部分負擔免收。掛號等其他費用，請來電 06-2516086 或在此聊天室輸入「專人服務」詢問。

實際門診時間以官網 https://lhpedclinic.com.tw 公告為準，建議來電或 LINE 確認。"
Q843,可以。看診時告訴醫師目的地、天數、同行家人的年齡與體重，以及平常在用的藥，醫師評估後開立。費用請來電 06-2516086 或 LINE @lhpedclinic 詢問。,可以。看診時告訴醫師目的地、天數、同行家人的年齡與體重，以及平常在用的藥，醫師評估後開立。費用請來電 06-2516086 或在此聊天室輸入「專人服務」詢問。
Q857,立欣診所位於台南市北區育德路467號，李佳玲醫師具國泰醫院新生兒次專科研究醫師訓練，門診可檢查寶寶的肚臍，分辨臍肉芽腫、感染或需要外科處理的情況；確認是臍肉芽腫時，門診可以直接做硝酸銀點灼，並說明回家後的照護與回診時間。需要外科處理時協助轉介小兒外科。週六、週日皆有門診。電話06-2516086，LINE @lhpedclinic。,立欣診所位於台南市北區育德路467號，李佳玲醫師具國泰醫院新生兒次專科研究醫師訓練，門診可檢查寶寶的肚臍，分辨臍肉芽腫、感染或需要外科處理的情況；確認是臍肉芽腫時，門診可以直接做硝酸銀點灼，並說明回家後的照護與回診時間。需要外科處理時協助轉介小兒外科。週六、週日皆有門診。電話06-2516086，或在此聊天室輸入「專人服務」。
Q864,"立欣診所位於台南市北區育德路467號，為健保特約之小兒科與家庭醫學診所，由蔡宗儒院長看診，提供兒童公費疫苗與成人疫苗接種，並協助評估水痘疫苗第 1 劑、第 2 劑的接種時程與適合對象。公費與自費疫苗現貨品項可能變動，接種前建議先來電 06-2516086 或 LINE @lhpedclinic 確認現貨並攜帶寶寶手冊（黃卡）。平日夜診至21:30、週六週日皆有門診。本院為門診、非急診。

接種提醒：適用對象與劑次依原廠仿單記載，由醫師評估；現貨與到貨情形請先來電或 LINE 確認。發燒或急性疾病期應暫緩接種，有禁忌者不接種。","立欣診所位於台南市北區育德路467號，為健保特約之小兒科與家庭醫學診所，由蔡宗儒院長看診，提供兒童公費疫苗與成人疫苗接種，並協助評估水痘疫苗第 1 劑、第 2 劑的接種時程與適合對象。公費與自費疫苗現貨品項可能變動，接種前建議先來電 06-2516086 或在此聊天室輸入「專人服務」確認現貨並攜帶寶寶手冊（黃卡）。平日夜診至21:30、週六週日皆有門診。本院為門診、非急診。

接種提醒：適用對象與劑次依原廠仿單記載，由醫師評估；現貨與到貨情形請先來電或 LINE 確認。發燒或急性疾病期應暫緩接種，有禁忌者不接種。"
Q865,"可以。2026 自費流感疫苗於流感季期間持續提供接種，門診時間可至櫃檯洽詢，也可洽官方 LINE @lhpedclinic。各款疫苗的現貨品項會隨當期進貨變動，接種前請先來電 06-2516086 確認當日有哪些品項，避免白跑一趟。哪一款適合接種、能不能接種，依原廠仿單記載並由醫師評估；發燒或患有急性中重度疾病時，建議待病情穩定後再接種，曾對疫苗成分或前一劑發生嚴重過敏反應者不宜接種。孩子可掛小兒科，成人與長者可掛家庭醫學科。本院為門診、非急診。

以上為 2026-09-24 版資料；年度政策與資格請再確認最新公告。","可以。2026 自費流感疫苗於流感季期間持續提供接種，門診時間可至櫃檯洽詢，也可在此聊天室輸入「專人服務」。各款疫苗的現貨品項會隨當期進貨變動，接種前請先來電 06-2516086 確認當日有哪些品項，避免白跑一趟。哪一款適合接種、能不能接種，依原廠仿單記載並由醫師評估；發燒或患有急性中重度疾病時，建議待病情穩定後再接種，曾對疫苗成分或前一劑發生嚴重過敏反應者不宜接種。孩子可掛小兒科，成人與長者可掛家庭醫學科。本院為門診、非急診。

以上為 2026-09-24 版資料；年度政策與資格請再確認最新公告。"
Q868,"未滿 9 歲、本流感季需要接種 2 劑的孩子，兩劑間隔至少 4 週；第 2 劑可以選擇鼻噴或針劑，仍由醫師依當天狀況、接種紀錄與原廠仿單評估。鼻噴品項現貨會變動，若希望第 2 劑也接種鼻噴，建議先向櫃檯或官方 LINE @lhpedclinic 預購第 2 劑，避免屆時缺貨。就診請攜帶健保卡與兒童健康手冊（黃卡）；發燒或患有急性中重度疾病時，建議待病情穩定後再接種，曾對疫苗成分或前一劑發生嚴重過敏反應者不宜接種。本院為門診、非急診。

接種提醒：適用對象與劑次依原廠仿單記載，由醫師評估；現貨與到貨情形請先來電或 LINE 確認。發燒或急性疾病期應暫緩接種，有禁忌者不接種。","未滿 9 歲、本流感季需要接種 2 劑的孩子，兩劑間隔至少 4 週；第 2 劑可以選擇鼻噴或針劑，仍由醫師依當天狀況、接種紀錄與原廠仿單評估。鼻噴品項現貨會變動，若希望第 2 劑也接種鼻噴，建議先向櫃檯或在此聊天室輸入「專人服務」預購第 2 劑，避免屆時缺貨。就診請攜帶健保卡與兒童健康手冊（黃卡）；發燒或患有急性中重度疾病時，建議待病情穩定後再接種，曾對疫苗成分或前一劑發生嚴重過敏反應者不宜接種。本院為門診、非急診。

接種提醒：適用對象與劑次依原廠仿單記載，由醫師評估；現貨與到貨情形請先來電或 LINE 確認。發燒或急性疾病期應暫緩接種，有禁忌者不接種。"
Q874,"公費流感疫苗由政府提供、依疾管署每年公告的時程與對象免費接種（如 6 個月以上嬰幼兒、學齡前幼兒、孕婦、長者及特定族群），115 年度自 2026 年 10 月 1 日起分階段開打；不符公費資格，或希望自行選擇特定劑型（如細胞培養、含佐劑熟齡型、兒童鼻噴型）者，可接種自費流感疫苗。兩者都能提供保護，差別主要在接種資格與可選品項。是否符合當年度公費對象、該選哪一種，請由醫師依疾管署公告與您的健康狀況評估；接種前建議先來電 06-2516086 或 LINE @lhpedclinic 確認當日現貨與最新公費資格。

接種提醒：適用對象與劑次依原廠仿單記載，由醫師評估；現貨與到貨情形請先來電或 LINE 確認。發燒或急性疾病期應暫緩接種，有禁忌者不接種。

單純接種公費疫苗（含公費流感疫苗）：醫師會做疫苗施打前例行性檢查；若沒有另外看診，只酌收掛號費（一般為 150 元，65 歲以上為 100 元）。","公費流感疫苗由政府提供、依疾管署每年公告的時程與對象免費接種（如 6 個月以上嬰幼兒、學齡前幼兒、孕婦、長者及特定族群），115 年度自 2026 年 10 月 1 日起分階段開打；不符公費資格，或希望自行選擇特定劑型（如細胞培養、含佐劑熟齡型、兒童鼻噴型）者，可接種自費流感疫苗。兩者都能提供保護，差別主要在接種資格與可選品項。是否符合當年度公費對象、該選哪一種，請由醫師依疾管署公告與您的健康狀況評估；接種前建議先來電 06-2516086 或在此聊天室輸入「專人服務」確認當日現貨與最新公費資格。

接種提醒：適用對象與劑次依原廠仿單記載，由醫師評估；現貨與到貨情形請先來電或 LINE 確認。發燒或急性疾病期應暫緩接種，有禁忌者不接種。

單純接種公費疫苗（含公費流感疫苗）：醫師會做疫苗施打前例行性檢查；若沒有另外看診，只酌收掛號費（一般為 150 元，65 歲以上為 100 元）。"
Q876,一般流感疫苗多以雞胚胎（雞蛋）培養病毒株製造，輔流威護（Flucelvax）則改以哺乳類 MDCK 細胞株培養，製程中不需經由雞蛋，屬次單位不活化流感疫苗。兩者都是不活化疫苗、都經肌肉注射，本年度也都是三價。要特別留意的是，「不經雞蛋培養」不等於「只有蛋過敏的人才需要選它」——依疾管署現行說明，大部分對蛋過敏的人可以接種流感疫苗，且不需要先做皮膚測試；已知對蛋的蛋白質有嚴重過敏反應者，建議由醫師評估後於具備處理過敏反應能力的場所接種。哪一款適合、能不能接種，依原廠仿單記載並由醫師依年齡與健康狀況評估，不建議單憑製程自行決定。發燒或患有急性中重度疾病時，建議待病情穩定後再接種。自費品項現貨會變動，接種前請先來電 06-2516086 或洽官方 LINE @lhpedclinic 確認當日品項。本院為門診、非急診。,一般流感疫苗多以雞胚胎（雞蛋）培養病毒株製造，輔流威護（Flucelvax）則改以哺乳類 MDCK 細胞株培養，製程中不需經由雞蛋，屬次單位不活化流感疫苗。兩者都是不活化疫苗、都經肌肉注射，本年度也都是三價。要特別留意的是，「不經雞蛋培養」不等於「只有蛋過敏的人才需要選它」——依疾管署現行說明，大部分對蛋過敏的人可以接種流感疫苗，且不需要先做皮膚測試；已知對蛋的蛋白質有嚴重過敏反應者，建議由醫師評估後於具備處理過敏反應能力的場所接種。哪一款適合、能不能接種，依原廠仿單記載並由醫師依年齡與健康狀況評估，不建議單憑製程自行決定。發燒或患有急性中重度疾病時，建議待病情穩定後再接種。自費品項現貨會變動，接種前請先來電 06-2516086 或在此聊天室輸入「專人服務」確認當日品項。本院為門診、非急診。
Q877,"佐劑（adjuvant）是疫苗中用來幫助增強免疫反應的成分。輔流禦（Fluad）所含的 MF59 佐劑，主成分為角鯊烯，另含聚山梨醇酯 80 等賦形劑。由於人體免疫反應會隨年齡增長而減弱，含佐劑的流感疫苗劑型仿單適用對象為 50 歲以上成人。含佐劑劑型在注射部位的局部反應（疼痛、紅腫）可能較明顯，多為短暫。是否適合接種、該選哪一款，依原廠仿單記載並由醫師依年齡與健康狀況評估；發燒或患有急性中重度疾病時建議待病情穩定後再接種，曾對疫苗成分或前一劑發生嚴重過敏反應者不宜接種。本頁不列費用數字，費用以現場公告為準；接種前請先來電 06-2516086 或洽官方 LINE @lhpedclinic 確認當日品項。本院為門診、非急診。

接種提醒：適用對象與劑次依原廠仿單記載，由醫師評估；現貨與到貨情形請先來電或 LINE 確認。發燒或急性疾病期應暫緩接種，有禁忌者不接種。","佐劑（adjuvant）是疫苗中用來幫助增強免疫反應的成分。輔流禦（Fluad）所含的 MF59 佐劑，主成分為角鯊烯，另含聚山梨醇酯 80 等賦形劑。由於人體免疫反應會隨年齡增長而減弱，含佐劑的流感疫苗劑型仿單適用對象為 50 歲以上成人。含佐劑劑型在注射部位的局部反應（疼痛、紅腫）可能較明顯，多為短暫。是否適合接種、該選哪一款，依原廠仿單記載並由醫師依年齡與健康狀況評估；發燒或患有急性中重度疾病時建議待病情穩定後再接種，曾對疫苗成分或前一劑發生嚴重過敏反應者不宜接種。本頁不列費用數字，費用以現場公告為準；接種前請先來電 06-2516086 或在此聊天室輸入「專人服務」確認當日品項。本院為門診、非急診。

接種提醒：適用對象與劑次依原廠仿單記載，由醫師評估；現貨與到貨情形請先來電或 LINE 確認。發燒或急性疾病期應暫緩接種，有禁忌者不接種。"
Q878,115 年度公費流感疫苗首次納入免疫加強型，分為含佐劑與高劑量兩類，作法是添加佐劑或提高抗原含量以增強接種後的免疫反應。這批疫苗數量有限，疾病管制署現階段提供的對象是安養、養護及長期照顧等機構內 65 歲以上的受照顧者，考量的是機構居住型態的群聚風險。有兩點常被誤會：並非所有 65 歲以上長者都在這批對象內，住在家裡的長輩仍是公費流感疫苗對象、配發到院所的是本年度公費三價疫苗；機構內未滿 65 歲的住民也不在對象內，因為資格寫的是機構內 65 歲以上。住在家裡的長輩若希望接種含佐劑的劑型，可於門診與醫師討論自費的輔流禦（Fluad，仿單適用 50 歲以上）。公費疫苗的廠牌由政府配發、不由民眾指定；後續公費加強型是否擴大提供對象，依疾管署公告為準。是否適合接種依原廠仿單記載並由醫師評估，發燒或患有急性中重度疾病時建議待病情穩定後再接種，曾對疫苗成分或前一劑發生嚴重過敏反應者不宜接種。本院到貨情形與當日品項會變動，接種前請先來電 06-2516086 或洽官方 LINE @lhpedclinic 確認。本院為門診、非急診。,115 年度公費流感疫苗首次納入免疫加強型，分為含佐劑與高劑量兩類，作法是添加佐劑或提高抗原含量以增強接種後的免疫反應。這批疫苗數量有限，疾病管制署現階段提供的對象是安養、養護及長期照顧等機構內 65 歲以上的受照顧者，考量的是機構居住型態的群聚風險。有兩點常被誤會：並非所有 65 歲以上長者都在這批對象內，住在家裡的長輩仍是公費流感疫苗對象、配發到院所的是本年度公費三價疫苗；機構內未滿 65 歲的住民也不在對象內，因為資格寫的是機構內 65 歲以上。住在家裡的長輩若希望接種含佐劑的劑型，可於門診與醫師討論自費的輔流禦（Fluad，仿單適用 50 歲以上）。公費疫苗的廠牌由政府配發、不由民眾指定；後續公費加強型是否擴大提供對象，依疾管署公告為準。是否適合接種依原廠仿單記載並由醫師評估，發燒或患有急性中重度疾病時建議待病情穩定後再接種，曾對疫苗成分或前一劑發生嚴重過敏反應者不宜接種。本院到貨情形與當日品項會變動，接種前請先來電 06-2516086 或在此聊天室輸入「專人服務」確認。本院為門診、非急診。
Q884,"可以。依衛生福利部傳染病防治諮詢會預防接種組（ACIP）109 年 7 月 6 日會議決議，需要接種 2 劑的兒童，兩劑可以接種不同廠牌的疫苗；各廠牌製程略有不同，但所含病毒的抗原性相似。第 2 劑選用的品項仍須符合孩子年齡的仿單適用範圍，由醫師評估。疫苗現貨會變動，接種前請先來電 06-2516086 或 LINE @lhpedclinic 確認。

接種提醒：適用對象與劑次依原廠仿單記載，由醫師評估；現貨與到貨情形請先來電或 LINE 確認。發燒或急性疾病期應暫緩接種，有禁忌者不接種。","可以。依衛生福利部傳染病防治諮詢會預防接種組（ACIP）109 年 7 月 6 日會議決議，需要接種 2 劑的兒童，兩劑可以接種不同廠牌的疫苗；各廠牌製程略有不同，但所含病毒的抗原性相似。第 2 劑選用的品項仍須符合孩子年齡的仿單適用範圍，由醫師評估。疫苗現貨會變動，接種前請先來電 06-2516086 或在此聊天室輸入「專人服務」確認。

接種提醒：適用對象與劑次依原廠仿單記載，由醫師評估；現貨與到貨情形請先來電或 LINE 確認。發燒或急性疾病期應暫緩接種，有禁忌者不接種。"
Q888,"立欣診所位於台南市北區育德路 467 號（鄰近成大醫院、台南公園），為健保特約小兒科與家庭醫學診所，提供公費與自費流感疫苗接種，兒童與成人皆可。平日設有夜間門診至 21:30，週六與週日皆有門診，每日最後一診結束前 1 小時停止疫苗施打：週一至週五 20:30、週六 17:00、週日 20:00。疫苗品項與現貨會變動，接種前請先來電 06-2516086 或洽 LINE @lhpedclinic 確認；診所為一般門診、非急診。

接種提醒：適用對象與劑次依原廠仿單記載，由醫師評估；現貨與到貨情形請先來電或 LINE 確認。發燒或急性疾病期應暫緩接種，有禁忌者不接種。","立欣診所位於台南市北區育德路 467 號（鄰近成大醫院、台南公園），為健保特約小兒科與家庭醫學診所，提供公費與自費流感疫苗接種，兒童與成人皆可。平日設有夜間門診至 21:30，週六與週日皆有門診，每日最後一診結束前 1 小時停止疫苗施打：週一至週五 20:30、週六 17:00、週日 20:00。疫苗品項與現貨會變動，接種前請先來電 06-2516086 或在此聊天室輸入「專人服務」確認；診所為一般門診、非急診。

接種提醒：適用對象與劑次依原廠仿單記載，由醫師評估；現貨與到貨情形請先來電或 LINE 確認。發燒或急性疾病期應暫緩接種，有禁忌者不接種。"
Q896,"年滿 18 歲、持健保卡的民眾，在立欣診所接種流感疫苗或肺炎鏈球菌疫苗（公費或自費），或做成人預防保健（公費健檢），本院會依規定上傳紀錄，是否核發與幣值以國健署系統與公告為準。本院不提供新冠疫苗。疫苗是否適合接種依原廠仿單由醫師評估，發燒或急性中重度疾病期間建議延後；疫苗現貨會變動，接種前請先來電 06-2516086 或 LINE @lhpedclinic 確認。立欣診所為一般門診、非急診。

提醒：本院沒有提供新冠疫苗；「左流右新」是疾管署的共同接種政策說明。","年滿 18 歲、持健保卡的民眾，在立欣診所接種流感疫苗或肺炎鏈球菌疫苗（公費或自費），或做成人預防保健（公費健檢），本院會依規定上傳紀錄，是否核發與幣值以國健署系統與公告為準。本院不提供新冠疫苗。疫苗是否適合接種依原廠仿單由醫師評估，發燒或急性中重度疾病期間建議延後；疫苗現貨會變動，接種前請先來電 06-2516086 或在此聊天室輸入「專人服務」確認。立欣診所為一般門診、非急診。

提醒：本院沒有提供新冠疫苗；「左流右新」是疾管署的共同接種政策說明。"
S04,這是診所的醫師排班調整。門診的開診時段與掛號、預約規則都沒有變動。目前公告的異動就是上述四項，日後如有調整會另行公告；有其他疑問歡迎洽官方 LINE @lhpedclinic 或來電 06-2516086。,這是診所的醫師排班調整。門診的開診時段與掛號、預約規則都沒有變動。目前公告的異動就是上述四項，日後如有調整會另行公告；有其他疑問歡迎在此聊天室輸入「專人服務」或來電 06-2516086。
G15,"預購成功後不能退費，只能轉讓給其他人接種；受讓者是否適合接種，仍依原廠仿單並由醫師評估。轉讓請洽櫃檯 06-2516086 或官方 LINE @lhpedclinic。

接種提醒：適用對象與劑次依原廠仿單記載，由醫師評估；現貨與到貨情形請先來電或 LINE 確認。發燒或急性疾病期應暫緩接種，有禁忌者不接種。","預購成功後不能退費，只能轉讓給其他人接種；受讓者是否適合接種，仍依原廠仿單並由醫師評估。轉讓請洽櫃檯 06-2516086 或在此聊天室輸入「專人服務」。

接種提醒：適用對象與劑次依原廠仿單記載，由醫師評估；現貨與到貨情形請先來電或 LINE 確認。發燒或急性疾病期應暫緩接種，有禁忌者不接種。"
N1,10 月流感疫苗特別門診加開時段，為減少等候時間、加速疫苗接種：10 月 1 日（四）早診由蔡醫師看診；10 月 2 日（五）、10 月 16 日（五）、10 月 30 日（五）晚診由李醫師看診。圖上僅標示特別門診加開的時段，其餘門診時間照常，請見下方門診時間表。是否適合接種依原廠仿單記載並由醫師評估，發燒或患有急性中重度疾病時建議待病情穩定後再接種，曾對疫苗成分或前一劑發生嚴重過敏反應者不宜接種。每日最後一診結束前 1 小時停止疫苗施打：週一至週五 20:30、週六 17:00、週日 20:00；接種前請先來電 06-2516086 或洽官方 LINE @lhpedclinic 確認當日品項與可接種時段。,10 月流感疫苗特別門診加開時段，為減少等候時間、加速疫苗接種：10 月 1 日（四）早診由蔡醫師看診；10 月 2 日（五）、10 月 16 日（五）、10 月 30 日（五）晚診由李醫師看診。圖上僅標示特別門診加開的時段，其餘門診時間照常，請見下方門診時間表。是否適合接種依原廠仿單記載並由醫師評估，發燒或患有急性中重度疾病時建議待病情穩定後再接種，曾對疫苗成分或前一劑發生嚴重過敏反應者不宜接種。每日最後一診結束前 1 小時停止疫苗施打：週一至週五 20:30、週六 17:00、週日 20:00；接種前請先來電 06-2516086 或在此聊天室輸入「專人服務」確認當日品項與可接種時段。
N2,本年度自費流感疫苗共 5 款、皆為三價：GSK 伏流感、東洋輔流威護（細胞培養）、賽諾菲菲流達、東洋輔流禦（含佐劑，仿單適用 50 歲以上）、AZ 能伏鼻（鼻腔噴劑、減毒活性，仿單適用 2 歲到未滿 18 歲）。各款到貨時間不同，已到貨的品項見下方公告；東洋輔流禦目前已售完。是否適合接種依原廠仿單記載並由醫師評估，發燒或患有急性中重度疾病時建議待病情穩定後再接種，曾對疫苗成分或前一劑發生嚴重過敏反應者不宜接種。自費品項現貨會變動，接種前請先來電 06-2516086 或洽官方 LINE @lhpedclinic 確認當日品項與可接種時段。,本年度自費流感疫苗共 5 款、皆為三價：GSK 伏流感、東洋輔流威護（細胞培養）、賽諾菲菲流達、東洋輔流禦（含佐劑，仿單適用 50 歲以上）、AZ 能伏鼻（鼻腔噴劑、減毒活性，仿單適用 2 歲到未滿 18 歲）。各款到貨時間不同，已到貨的品項見下方公告；東洋輔流禦目前已售完。是否適合接種依原廠仿單記載並由醫師評估，發燒或患有急性中重度疾病時建議待病情穩定後再接種，曾對疫苗成分或前一劑發生嚴重過敏反應者不宜接種。自費品項現貨會變動，接種前請先來電 06-2516086 或在此聊天室輸入「專人服務」確認當日品項與可接種時段。
N3,公費流感疫苗的品牌與數量每天可能不同，請以診所當天公告為準。您也可以加入「立欣診所」LINE官方帳號，點選「流感疫苗資訊」查詢最新消息。由於疫苗數量有限，恕無法指定品牌、預約或保留疫苗，敬請見諒。是否適合接種依原廠仿單記載並由醫師評估，發燒或患有急性中重度疾病時建議待病情穩定後再接種，曾對疫苗成分或前一劑發生嚴重過敏反應者不宜接種。每日最後一診結束前 1 小時停止疫苗施打：週一至週五 20:30、週六 17:00、週日 20:00。,公費流感疫苗的品牌與數量每天可能不同，請以診所當天公告為準。您也可以點選選單的「流感疫苗資訊」查詢。由於疫苗數量有限，恕無法指定品牌、預約或保留疫苗，敬請見諒。是否適合接種依原廠仿單記載並由醫師評估，發燒或患有急性中重度疾病時建議待病情穩定後再接種，曾對疫苗成分或前一劑發生嚴重過敏反應者不宜接種。每日最後一診結束前 1 小時停止疫苗施打：週一至週五 20:30、週六 17:00、週日 20:00。
N4,本院已到貨四款自費流感疫苗：東洋輔流威護（Flucelvax）為細胞培養、GSK 伏流感（Fluarix）為雞蛋培養，仿單皆適用滿 6 個月以上的兒童與成人；AZ 能伏鼻（FluMist）為鼻噴、免打針的減毒活性疫苗，仿單適用 2 歲到未滿 18 歲；東洋輔流禦（Fluad）含佐劑、仿單適用 50 歲以上，目前已售完。製程與劑型不同不代表保護力有高低之分。未滿 9 歲的孩子本流感季要打 1 劑還是 2 劑，依年齡與過去接種史而定，就診請帶兒童健康手冊由醫師確認；孩子若選擇鼻噴疫苗，有氣喘、喘鳴、免疫功能低下或正在用藥，請先告訴醫師。是否適合接種依原廠仿單記載並由醫師評估，發燒或患有急性中重度疾病時建議待病情穩定後再接種，曾對疫苗成分或前一劑發生嚴重過敏反應者不宜接種。每日最後一診結束前 1 小時停止疫苗施打：週一至週五 20:30、週六 17:00、週日 20:00；自費品項現貨會變動，接種前請先來電 06-2516086 或洽官方 LINE @lhpedclinic 確認當日品項與可接種時段。,本院已到貨四款自費流感疫苗：東洋輔流威護（Flucelvax）為細胞培養、GSK 伏流感（Fluarix）為雞蛋培養，仿單皆適用滿 6 個月以上的兒童與成人；AZ 能伏鼻（FluMist）為鼻噴、免打針的減毒活性疫苗，仿單適用 2 歲到未滿 18 歲；東洋輔流禦（Fluad）含佐劑、仿單適用 50 歲以上，目前已售完。製程與劑型不同不代表保護力有高低之分。未滿 9 歲的孩子本流感季要打 1 劑還是 2 劑，依年齡與過去接種史而定，就診請帶兒童健康手冊由醫師確認；孩子若選擇鼻噴疫苗，有氣喘、喘鳴、免疫功能低下或正在用藥，請先告訴醫師。是否適合接種依原廠仿單記載並由醫師評估，發燒或患有急性中重度疾病時建議待病情穩定後再接種，曾對疫苗成分或前一劑發生嚴重過敏反應者不宜接種。每日最後一診結束前 1 小時停止疫苗施打：週一至週五 20:30、週六 17:00、週日 20:00；自費品項現貨會變動，接種前請先來電 06-2516086 或在此聊天室輸入「專人服務」確認當日品項與可接種時段。
N5,AZ 能伏鼻（FluMist）為本年度的三價鼻噴式流感疫苗，本院已到貨。從鼻腔噴入給予、不用打針，屬減毒活性疫苗，仿單適用 2 歲到未滿 18 歲的兒童與青少年；本流感季要打 1 劑還是 2 劑，依年齡與過去接種史而定，就診請帶兒童健康手冊由醫師確認。孩子如果有氣喘、近期反覆喘鳴、免疫功能低下，或正在使用任何藥物（例如阿斯匹靈或含水楊酸類成分的藥品），接種前請先告訴醫師；經評估不適合鼻噴時，一般流感針劑仍是可以討論的選項。是否適合接種依原廠仿單記載並由醫師評估，發燒或患有急性中重度疾病時建議待病情穩定後再接種，曾對疫苗成分或前一劑發生嚴重過敏反應者不宜接種。每日最後一診結束前 1 小時停止疫苗施打：週一至週五 20:30、週六 17:00、週日 20:00；鼻噴疫苗數量有限，接種前請先來電 06-2516086 或洽官方 LINE @lhpedclinic 確認當日品項與可接種時段。,AZ 能伏鼻（FluMist）為本年度的三價鼻噴式流感疫苗，本院已到貨。從鼻腔噴入給予、不用打針，屬減毒活性疫苗，仿單適用 2 歲到未滿 18 歲的兒童與青少年；本流感季要打 1 劑還是 2 劑，依年齡與過去接種史而定，就診請帶兒童健康手冊由醫師確認。孩子如果有氣喘、近期反覆喘鳴、免疫功能低下，或正在使用任何藥物（例如阿斯匹靈或含水楊酸類成分的藥品），接種前請先告訴醫師；經評估不適合鼻噴時，一般流感針劑仍是可以討論的選項。是否適合接種依原廠仿單記載並由醫師評估，發燒或患有急性中重度疾病時建議待病情穩定後再接種，曾對疫苗成分或前一劑發生嚴重過敏反應者不宜接種。每日最後一診結束前 1 小時停止疫苗施打：週一至週五 20:30、週六 17:00、週日 20:00；鼻噴疫苗數量有限，接種前請先來電 06-2516086 或在此聊天室輸入「專人服務」確認當日品項與可接種時段。
N6,接種前家長與長輩常問的 5 件事：公費流感疫苗自 10 月 1 日起依疾管署公告的對象與階段開打；未滿 9 歲的孩子要打 1 劑還是 2 劑依過去接種紀錄判定，需 2 劑者至少間隔 4 週，就診請帶兒童健康手冊；鼻噴的能伏鼻為減毒活性疫苗，仿單適用 2 歲到未滿 18 歲，有疾病史或目前用藥請先告知醫師；自費共伏流感、輔流威護、菲流達、輔流禦、能伏鼻 5 款、皆為三價；含佐劑疫苗方面，公費免疫加強型提供給機構內 65 歲以上受照顧者，自費輔流禦仿單適用 50 歲以上。是否適合接種依原廠仿單記載並由醫師評估，發燒或患有急性中重度疾病時建議待病情穩定後再接種，曾對疫苗成分或前一劑發生嚴重過敏反應者不宜接種。每日最後一診結束前 1 小時停止疫苗施打：週一至週五 20:30、週六 17:00、週日 20:00；自費品項現貨會變動，接種前請先來電 06-2516086 或洽官方 LINE @lhpedclinic 確認當日品項與可接種時段。,接種前家長與長輩常問的 5 件事：公費流感疫苗自 10 月 1 日起依疾管署公告的對象與階段開打；未滿 9 歲的孩子要打 1 劑還是 2 劑依過去接種紀錄判定，需 2 劑者至少間隔 4 週，就診請帶兒童健康手冊；鼻噴的能伏鼻為減毒活性疫苗，仿單適用 2 歲到未滿 18 歲，有疾病史或目前用藥請先告知醫師；自費共伏流感、輔流威護、菲流達、輔流禦、能伏鼻 5 款、皆為三價；含佐劑疫苗方面，公費免疫加強型提供給機構內 65 歲以上受照顧者，自費輔流禦仿單適用 50 歲以上。是否適合接種依原廠仿單記載並由醫師評估，發燒或患有急性中重度疾病時建議待病情穩定後再接種，曾對疫苗成分或前一劑發生嚴重過敏反應者不宜接種。每日最後一診結束前 1 小時停止疫苗施打：週一至週五 20:30、週六 17:00、週日 20:00；自費品項現貨會變動，接種前請先來電 06-2516086 或在此聊天室輸入「專人服務」確認當日品項與可接種時段。
N7,GSK 伏流感（Fluarix）為本年度的三價不活化流感疫苗，以雞胚胎培養病毒株，本院已到貨。仿單適用滿 6 個月以上的兒童與成人；未滿 9 歲的孩子本流感季要打 1 劑還是 2 劑，依年齡與過去接種史而定，就診請帶兒童健康手冊由醫師確認。依疾管署現行說明，大部分對蛋過敏的人可以接種流感疫苗，且不需要先做皮膚測試；曾對蛋的蛋白質有嚴重過敏反應者，請先告訴醫師評估。是否適合接種依原廠仿單記載並由醫師評估，發燒或患有急性中重度疾病時建議待病情穩定後再接種，曾對疫苗成分或前一劑發生嚴重過敏反應者不宜接種。自費品項現貨會變動，接種前請先來電 06-2516086 或洽官方 LINE @lhpedclinic 確認當日品項與可接種時段。,GSK 伏流感（Fluarix）為本年度的三價不活化流感疫苗，以雞胚胎培養病毒株，本院已到貨。仿單適用滿 6 個月以上的兒童與成人；未滿 9 歲的孩子本流感季要打 1 劑還是 2 劑，依年齡與過去接種史而定，就診請帶兒童健康手冊由醫師確認。依疾管署現行說明，大部分對蛋過敏的人可以接種流感疫苗，且不需要先做皮膚測試；曾對蛋的蛋白質有嚴重過敏反應者，請先告訴醫師評估。是否適合接種依原廠仿單記載並由醫師評估，發燒或患有急性中重度疾病時建議待病情穩定後再接種，曾對疫苗成分或前一劑發生嚴重過敏反應者不宜接種。自費品項現貨會變動，接種前請先來電 06-2516086 或在此聊天室輸入「專人服務」確認當日品項與可接種時段。
N8,東洋輔流威護（Flucelvax）為本年度的三價不活化流感疫苗，以哺乳類 MDCK 細胞株培養、製程不經雞胚胎，本院已到貨。仿單適用滿 6 個月以上的兒童與成人；未滿 9 歲的孩子本流感季要打 1 劑還是 2 劑，依年齡與過去接種史而定，就診請帶兒童健康手冊由醫師確認。不經雞蛋培養不等於只有蛋過敏的人才需要選它——依疾管署現行說明，大部分對蛋過敏的人可以接種流感疫苗，且不需要先做皮膚測試。是否適合接種依原廠仿單記載並由醫師評估，發燒或患有急性中重度疾病時建議待病情穩定後再接種，曾對疫苗成分或前一劑發生嚴重過敏反應者不宜接種。自費品項現貨會變動，接種前請先來電 06-2516086 或洽官方 LINE @lhpedclinic 確認當日品項與可接種時段。,東洋輔流威護（Flucelvax）為本年度的三價不活化流感疫苗，以哺乳類 MDCK 細胞株培養、製程不經雞胚胎，本院已到貨。仿單適用滿 6 個月以上的兒童與成人；未滿 9 歲的孩子本流感季要打 1 劑還是 2 劑，依年齡與過去接種史而定，就診請帶兒童健康手冊由醫師確認。不經雞蛋培養不等於只有蛋過敏的人才需要選它——依疾管署現行說明，大部分對蛋過敏的人可以接種流感疫苗，且不需要先做皮膚測試。是否適合接種依原廠仿單記載並由醫師評估，發燒或患有急性中重度疾病時建議待病情穩定後再接種，曾對疫苗成分或前一劑發生嚴重過敏反應者不宜接種。自費品項現貨會變動，接種前請先來電 06-2516086 或在此聊天室輸入「專人服務」確認當日品項與可接種時段。
RSV_ADULT,您好，成人或孕婦 RSV 疫苗的費用目前沒有資料，請來電 06-2516086 或加 LINE @lhpedclinic 由櫃檯協助確認。,您好，成人或孕婦 RSV 疫苗的費用目前沒有資料，請來電 06-2516086 或在此聊天室輸入「專人服務」由櫃檯協助確認。
ROTA2,"您好，目前這份價目資料只有 3 劑型口服輪狀病毒疫苗（每劑 2,000 元）；2 劑型產品的費用請來電 06-2516086 或加 LINE @lhpedclinic 由櫃檯協助確認。","您好，目前這份價目資料只有 3 劑型口服輪狀病毒疫苗（每劑 2,000 元）；2 劑型產品的費用請來電 06-2516086 或在此聊天室輸入「專人服務」由櫃檯協助確認。"
greeting,"您好，我是立欣診所的線上小幫手 🦌
可以問我門診時間、掛號與預約方式、服務項目、疫苗與一般衛教問題。

⚠️ 請不要輸入姓名、身分證字號、病歷號等個人資料，也不便在這裡討論個別病情。
需要針對孩子的狀況評估，請來電 06-2516086 或加 LINE @lhpedclinic，由專人協助。

本院為一般門診、非急診。若出現呼吸困難、意識改變、抽搐等緊急狀況，請立即撥 119。","您好，我是立欣診所的線上小幫手 🦌
可以問我門診時間、掛號與預約方式、服務項目、疫苗與一般衛教問題。

⚠️ 請不要輸入姓名、身分證字號、病歷號等個人資料，也不便在這裡討論個別病情。
需要針對孩子的狀況評估，請來電 06-2516086 或在此聊天室輸入「專人服務」，由專人協助。

本院為一般門診、非急診。若出現呼吸困難、意識改變、抽搐等緊急狀況，請立即撥 119。"
